Date_Time,Temp,Water
12/2/21 13:00,21.28,
12/2/21 13:05,21.87,
12/2/21 13:10,24.31,
12/2/21 13:15,25.58,
12/2/21 13:20,25.48,
12/2/21 13:25,24.24,
12/2/21 13:30,23.73,
12/2/21 13:35,24.14,
12/2/21 13:40,23.37,
12/2/21 13:45,21.78,
12/2/21 13:50,21.23,
12/2/21 13:55,23.82,
12/2/21 14:00,23.98,
12/2/21 14:05,23.99,
12/2/21 14:10,24.28,
12/2/21 14:15,25.75,
12/2/21 14:20,26.1,
12/2/21 14:25,26.36,
12/2/21 14:30,26.63,
12/2/21 14:35,26.53,
12/2/21 14:40,26.67,
12/2/21 14:45,26.62,
12/2/21 14:50,26.17,
12/2/21 14:55,26.39,
12/2/21 15:00,26.1,
12/2/21 15:05,24.57,
12/2/21 15:10,22.39,
12/2/21 15:15,21.14,
12/2/21 15:20,20.37,
12/2/21 15:25,19.97,
12/2/21 15:30,19.61,
12/2/21 15:35,19.33,
12/2/21 15:40,19.2,
12/2/21 15:45,18.96,
12/2/21 15:50,18.69,
12/2/21 15:55,18.4,
12/2/21 16:00,18.17,
12/2/21 16:05,17.96,
12/2/21 16:10,17.81,
12/2/21 16:15,17.64,
12/2/21 16:20,17.26,
12/2/21 16:25,16.99,
12/2/21 16:30,16.84,
12/2/21 16:35,16.79,
12/2/21 16:40,16.73,
12/2/21 16:45,16.73,
12/2/21 16:50,16.64,
12/2/21 16:55,16.62,
12/2/21 17:00,16.49,
12/2/21 17:05,16.47,
12/2/21 17:10,16.37,
12/2/21 17:15,16.32,
12/2/21 17:20,16.28,
12/2/21 17:25,16.21,
12/2/21 17:30,16.17,
12/2/21 17:35,16.08,
12/2/21 17:40,15.99,
12/2/21 17:45,15.95,
12/2/21 17:50,15.93,
12/2/21 17:55,15.93,
12/2/21 18:00,15.76,
12/2/21 18:05,15.82,
12/2/21 18:10,15.83,
12/2/21 18:15,15.75,
12/2/21 18:20,15.53,
12/2/21 18:25,15.34,
12/2/21 18:26,,In
12/2/21 18:26,,Out
12/2/21 18:30,15.26,
12/2/21 18:35,15.04,
12/2/21 18:40,15.03,
12/2/21 18:40,,In
12/2/21 18:41,,Out
12/2/21 18:45,14.95,In
12/2/21 18:45,,Out
12/2/21 18:50,14.92,
12/2/21 18:51,,In
12/2/21 18:52,,Out
12/2/21 18:54,,In
12/2/21 18:55,14.94,Out
12/2/21 18:56,,In
12/2/21 18:57,,Out
12/2/21 19:00,14.81,
12/2/21 19:00,,In
12/2/21 19:00,,Out
12/2/21 19:04,,In
12/2/21 19:05,14.72,
12/2/21 19:05,,Out
12/2/21 19:05,,In
12/2/21 19:05,,Out
12/2/21 19:07,,In
12/2/21 19:07,,Out
12/2/21 19:09,,In
12/2/21 19:09,,Out
12/2/21 19:10,15.14,
12/2/21 19:13,,In
12/2/21 19:13,,Out
12/2/21 19:14,,In
12/2/21 19:14,,Out
12/2/21 19:15,15.23,
12/2/21 19:20,15.1,
12/2/21 19:22,,In
12/2/21 19:23,,Out
12/2/21 19:24,,In
12/2/21 19:24,,Out
12/2/21 19:25,15.06,
12/2/21 19:30,14.83,
12/2/21 19:34,,In
12/2/21 19:34,,Out
12/2/21 19:35,15,
12/2/21 19:35,,In
12/2/21 19:36,,Out
12/2/21 19:38,,In
12/2/21 19:39,,Out
12/2/21 19:39,,In
12/2/21 19:40,15.04,Out
12/2/21 19:40,,In
12/2/21 19:40,,Out
12/2/21 19:41,,In
12/2/21 19:42,,Out
12/2/21 19:42,,In
12/2/21 19:42,,Out
12/2/21 19:45,14.86,
12/2/21 19:46,,In
12/2/21 19:46,,Out
12/2/21 19:47,,In
12/2/21 19:47,,Out
12/2/21 19:48,,In
12/2/21 19:49,,Out
12/2/21 19:49,,In
12/2/21 19:49,,Out
12/2/21 19:50,14.82,
12/2/21 19:50,,In
12/2/21 19:50,,Out
12/2/21 19:52,,In
12/2/21 19:52,,Out
12/2/21 19:54,,In
12/2/21 19:54,,Out
12/2/21 19:54,,In
12/2/21 19:54,,Out
12/2/21 19:55,14.83,
12/2/21 19:55,,In
12/2/21 19:55,,Out
12/2/21 19:56,,In
12/2/21 19:57,,Out
12/2/21 20:00,14.95,
12/2/21 20:00,,In
12/2/21 20:01,,Out
12/2/21 20:03,,In
12/2/21 20:03,,Out
12/2/21 20:03,,In
12/2/21 20:04,,Out
12/2/21 20:05,14.91,In
12/2/21 20:05,,Out
12/2/21 20:06,,In
12/2/21 20:07,,Out
12/2/21 20:08,,In
12/2/21 20:08,,Out
12/2/21 20:09,,In
12/2/21 20:09,,Out
12/2/21 20:09,,In
12/2/21 20:10,15.11,
12/2/21 20:11,,Out
12/2/21 20:12,,In
12/2/21 20:12,,Out
12/2/21 20:13,,In
12/2/21 20:13,,Out
12/2/21 20:14,,In
12/2/21 20:15,15.07,Out
12/2/21 20:17,,In
12/2/21 20:18,,Out
12/2/21 20:18,,In
12/2/21 20:19,,Out
12/2/21 20:19,,In
12/2/21 20:20,14.97,
12/2/21 20:20,,Out
12/2/21 20:21,,In
12/2/21 20:23,,Out
12/2/21 20:24,,In
12/2/21 20:24,,Out
12/2/21 20:25,15.01,
12/2/21 20:27,,In
12/2/21 20:30,14.78,Out
12/2/21 20:30,,In
12/2/21 20:32,,Out
12/2/21 20:33,,In
12/2/21 20:33,,Out
12/2/21 20:35,14.72,
12/2/21 20:36,,In
12/2/21 20:36,,Out
12/2/21 20:39,,In
12/2/21 20:39,,Out
12/2/21 20:40,14.84,
12/2/21 20:41,,In
12/2/21 20:42,,Out
12/2/21 20:42,,In
12/2/21 20:43,,Out
12/2/21 20:43,,In
12/2/21 20:45,14.68,Out
12/2/21 20:45,,In
12/2/21 20:45,,Out
12/2/21 20:45,,In
12/2/21 20:46,,Out
12/2/21 20:48,,In
12/2/21 20:49,,Out
12/2/21 20:49,,In
12/2/21 20:50,14.41,
12/2/21 20:50,,Out
12/2/21 20:55,14.24,
12/2/21 20:55,,In
12/2/21 20:56,,Out
12/2/21 20:59,,In
12/2/21 21:00,14.3,
12/2/21 21:00,,Out
12/2/21 21:00,,In
12/2/21 21:01,,Out
12/2/21 21:05,14.23,
12/2/21 21:10,14.1,
12/2/21 21:10,,In
12/2/21 21:10,,Out
12/2/21 21:11,,In
12/2/21 21:12,,Out
12/2/21 21:15,14.28,
12/2/21 21:20,14.2,
12/2/21 21:20,,In
12/2/21 21:20,,Out
12/2/21 21:24,,In
12/2/21 21:24,,Out
12/2/21 21:25,14.24,
12/2/21 21:30,14.22,
12/2/21 21:35,14.24,
12/2/21 21:40,14.3,
12/2/21 21:43,,In
12/2/21 21:44,,Out
12/2/21 21:45,14.29,
12/2/21 21:50,14.24,
12/2/21 21:55,14.2,
12/2/21 22:00,14.25,
12/2/21 22:05,14.28,
12/2/21 22:10,14.28,
12/2/21 22:15,14.24,
12/2/21 22:20,14.04,
12/2/21 22:25,13.92,
12/2/21 22:30,13.83,
12/2/21 22:35,13.73,
12/2/21 22:40,13.71,
12/2/21 22:45,13.76,
12/2/21 22:50,13.73,
12/2/21 22:55,13.67,
12/2/21 23:00,13.6,
12/2/21 23:05,13.61,
12/2/21 23:10,13.58,
12/2/21 23:15,13.55,
12/2/21 23:20,13.54,
12/2/21 23:25,13.54,
12/2/21 23:30,13.58,
12/2/21 23:35,13.58,
12/2/21 23:40,13.56,
12/2/21 23:45,13.53,
12/2/21 23:50,13.52,
12/2/21 23:55,13.49,
12/3/21 0:00,13.5,
12/3/21 0:05,13.51,
12/3/21 0:10,13.51,
12/3/21 0:15,13.52,
12/3/21 0:20,13.52,
12/3/21 0:25,13.5,
12/3/21 0:30,13.49,
12/3/21 0:35,13.52,
12/3/21 0:40,13.58,
12/3/21 0:45,13.59,
12/3/21 0:50,13.6,
12/3/21 0:55,13.62,
12/3/21 1:00,13.65,
12/3/21 1:05,13.65,
12/3/21 1:10,13.64,
12/3/21 1:15,13.65,
12/3/21 1:20,13.66,
12/3/21 1:25,13.71,
12/3/21 1:30,13.75,
12/3/21 1:35,13.77,
12/3/21 1:40,13.77,
12/3/21 1:45,13.79,
12/3/21 1:50,13.79,
12/3/21 1:55,13.83,
12/3/21 2:00,13.82,
12/3/21 2:05,13.78,
12/3/21 2:10,13.86,
12/3/21 2:15,13.93,
12/3/21 2:20,13.99,
12/3/21 2:25,13.99,
12/3/21 2:30,13.97,
12/3/21 2:35,13.9,
12/3/21 2:40,13.91,
12/3/21 2:45,13.95,
12/3/21 2:50,14.03,
12/3/21 2:55,14.08,
12/3/21 3:00,14.07,
12/3/21 3:05,14.08,
12/3/21 3:10,14.05,
12/3/21 3:15,14.07,
12/3/21 3:20,14.05,
12/3/21 3:25,13.99,
12/3/21 3:30,14.01,
12/3/21 3:35,13.98,
12/3/21 3:40,13.93,
12/3/21 3:43,,In
12/3/21 3:43,,Out
12/3/21 3:45,13.86,
12/3/21 3:49,,In
12/3/21 3:50,13.75,
12/3/21 3:50,,Out
12/3/21 3:50,,In
12/3/21 3:51,,Out
12/3/21 3:52,,In
12/3/21 3:52,,Out
12/3/21 3:54,,In
12/3/21 3:54,,Out
12/3/21 3:55,14.09,
12/3/21 3:56,,In
12/3/21 3:56,,Out
12/3/21 3:57,,In
12/3/21 3:58,,Out
12/3/21 3:59,,In
12/3/21 4:00,14.23,
12/3/21 4:00,,Out
12/3/21 4:01,,In
12/3/21 4:02,,Out
12/3/21 4:02,,In
12/3/21 4:02,,Out
12/3/21 4:04,,In
12/3/21 4:05,14.14,
12/3/21 4:05,,Out
12/3/21 4:08,,In
12/3/21 4:09,,Out
12/3/21 4:09,,In
12/3/21 4:10,14.25,
12/3/21 4:11,,Out
12/3/21 4:12,,In
12/3/21 4:12,,Out
12/3/21 4:14,,In
12/3/21 4:15,14.47,
12/3/21 4:15,,Out
12/3/21 4:15,,In
12/3/21 4:17,,Out
12/3/21 4:17,,In
12/3/21 4:20,14.87,
12/3/21 4:20,,Out
12/3/21 4:21,,In
12/3/21 4:21,,Out
12/3/21 4:22,,In
12/3/21 4:23,,Out
12/3/21 4:24,,In
12/3/21 4:25,15,
12/3/21 4:30,15.36,
12/3/21 4:35,15.47,
12/3/21 4:40,15.55,
12/3/21 4:45,15.72,
12/3/21 4:50,15.85,
12/3/21 4:55,15.98,
12/3/21 5:00,16.05,
12/3/21 5:05,16.1,
12/3/21 5:10,16.16,
12/3/21 5:15,16.19,
12/3/21 5:20,16.22,
12/3/21 5:25,16.26,
12/3/21 5:30,16.26,
12/3/21 5:35,16.3,
12/3/21 5:40,16.29,
12/3/21 5:45,16.29,
12/3/21 5:50,16.32,
12/3/21 5:55,16.31,
12/3/21 6:00,16.3,
12/3/21 6:05,16.3,
12/3/21 6:10,16.3,
12/3/21 6:15,16.3,
12/3/21 6:20,16.31,
12/3/21 6:25,16.3,
12/3/21 6:30,16.31,
12/3/21 6:35,16.32,
12/3/21 6:40,16.3,
12/3/21 6:45,16.31,
12/3/21 6:50,16.32,
12/3/21 6:55,16.33,
12/3/21 7:00,16.32,
12/3/21 7:05,16.32,
12/3/21 7:10,16.34,
12/3/21 7:15,16.32,
12/3/21 7:20,16.33,
12/3/21 7:25,16.32,
12/3/21 7:30,16.32,
12/3/21 7:35,16.33,
12/3/21 7:40,16.35,
12/3/21 7:45,16.34,
12/3/21 7:50,16.35,
12/3/21 7:55,16.34,
12/3/21 8:00,16.33,
12/3/21 8:05,16.34,
12/3/21 8:10,16.34,
12/3/21 8:15,16.32,
12/3/21 8:20,16.34,
12/3/21 8:25,16.35,
12/3/21 8:30,16.32,
12/3/21 8:35,16.37,
12/3/21 8:40,16.39,
12/3/21 8:45,16.37,
12/3/21 8:50,16.37,
12/3/21 8:55,16.37,
12/3/21 9:00,16.4,
12/3/21 9:05,16.41,
12/3/21 9:10,16.48,
12/3/21 9:15,16.54,
12/3/21 9:20,16.58,
12/3/21 9:25,16.67,
12/3/21 9:30,16.85,
12/3/21 9:35,16.99,
12/3/21 9:40,17.06,
12/3/21 9:45,17.31,
12/3/21 9:50,17.59,
12/3/21 9:55,19,
12/3/21 10:00,20.56,
12/3/21 10:05,21.04,
12/3/21 10:05,,Out
12/3/21 10:06,,In
12/3/21 10:09,,Out
12/3/21 10:09,,In
12/3/21 10:10,21.6,
12/3/21 10:10,,Out
12/3/21 10:10,,In
12/3/21 10:13,,Out
12/3/21 10:13,,In
12/3/21 10:14,,Out
12/3/21 10:14,,In
12/3/21 10:15,22.09,
12/3/21 10:16,,Out
12/3/21 10:16,,In
12/3/21 10:17,,Out
12/3/21 10:17,,In
12/3/21 10:18,,Out
12/3/21 10:19,,In
12/3/21 10:20,22.47,Out
12/3/21 10:20,,In
12/3/21 10:21,,Out
12/3/21 10:21,,In
12/3/21 10:22,,Out
12/3/21 10:23,,In
12/3/21 10:23,,Out
12/3/21 10:25,23.41,
12/3/21 10:25,,In
12/3/21 10:25,,Out
12/3/21 10:26,,In
12/3/21 10:26,,Out
12/3/21 10:30,23.88,
12/3/21 10:32,,In
12/3/21 10:32,,Out
12/3/21 10:32,,In
12/3/21 10:32,,Out
12/3/21 10:34,,In
12/3/21 10:34,,Out
12/3/21 10:35,24.38,
12/3/21 10:36,,In
12/3/21 10:36,,Out
12/3/21 10:40,24.99,
12/3/21 10:44,,In
12/3/21 10:44,,Out
12/3/21 10:45,25.95,
12/3/21 10:48,,In
12/3/21 10:49,,Out
12/3/21 10:50,26.27,
12/3/21 10:55,26.75,
12/3/21 11:00,27.21,
12/3/21 11:05,26.41,
12/3/21 11:10,25.95,
12/3/21 11:15,28.65,
12/3/21 11:20,30.1,
12/3/21 11:25,27.67,
12/3/21 11:30,27.61,
12/3/21 11:35,26.07,
12/3/21 11:40,24.87,
12/3/21 11:45,23.75,
12/3/21 11:50,22.81,
12/3/21 11:55,22.49,
12/3/21 12:00,22.49,
12/3/21 12:05,22.14,
12/3/21 12:10,21.76,
12/3/21 12:15,21.42,
12/3/21 12:20,22.14,
12/3/21 12:25,24.17,
12/3/21 12:30,24.27,
12/3/21 12:35,23.98,
12/3/21 12:40,23.99,
12/3/21 12:45,24.85,
12/3/21 12:50,24.91,
12/3/21 12:55,23.89,
12/3/21 13:00,24.73,
12/3/21 13:05,23.94,
12/3/21 13:10,23.53,
12/3/21 13:15,23.18,
12/3/21 13:20,22.54,
12/3/21 13:25,22.65,
12/3/21 13:30,23.26,
12/3/21 13:35,22.27,
12/3/21 13:40,21.79,
12/3/21 13:45,21.79,
12/3/21 13:50,21.74,
12/3/21 13:55,21.22,
12/3/21 14:00,20.9,
12/3/21 14:05,20.41,
12/3/21 14:10,20.11,
12/3/21 14:15,19.75,
12/3/21 14:20,19.56,
12/3/21 14:25,19.44,
12/3/21 14:30,19.55,
12/3/21 14:35,20.02,
12/3/21 14:40,21.48,
12/3/21 14:45,21.77,
12/3/21 14:50,23.67,
12/3/21 14:55,23.42,
12/3/21 15:00,22.64,
12/3/21 15:05,22.41,
12/3/21 15:10,21.82,
12/3/21 15:15,23.07,
12/3/21 15:20,23.6,
12/3/21 15:25,23.42,
12/3/21 15:30,22.49,
12/3/21 15:35,20.56,
12/3/21 15:40,19.35,
12/3/21 15:45,18.51,
12/3/21 15:50,17.94,
12/3/21 15:55,17.55,
12/3/21 16:00,17.3,
12/3/21 16:05,17.06,
12/3/21 16:10,16.8,
12/3/21 16:15,16.65,
12/3/21 16:20,16.52,
12/3/21 16:25,16.41,
12/3/21 16:30,16.32,
12/3/21 16:35,16.13,
12/3/21 16:40,16.06,
12/3/21 16:45,15.98,
12/3/21 16:50,15.92,
12/3/21 16:55,15.87,
12/3/21 17:00,15.76,
12/3/21 17:05,15.67,
12/3/21 17:10,15.61,
12/3/21 17:15,15.51,
12/3/21 17:20,15.48,
12/3/21 17:25,15.38,
12/3/21 17:30,15.21,
12/3/21 17:35,15.03,
12/3/21 17:40,14.96,
12/3/21 17:45,14.98,
12/3/21 17:50,14.87,
12/3/21 17:55,14.81,
12/3/21 18:00,14.89,
12/3/21 18:05,14.96,
12/3/21 18:10,14.78,
12/3/21 18:15,14.72,
12/3/21 18:20,14.71,
12/3/21 18:25,14.55,
12/3/21 18:30,14.38,
12/3/21 18:35,14.23,
12/3/21 18:40,14.23,
12/3/21 18:45,14.19,
12/3/21 18:50,14.28,
12/3/21 18:55,14.33,
12/3/21 19:00,14.52,
12/3/21 19:05,14.65,
12/3/21 19:06,,In
12/3/21 19:07,,Out
12/3/21 19:10,14.6,
12/3/21 19:15,14.41,
12/3/21 19:20,14.41,
12/3/21 19:25,14.25,
12/3/21 19:25,,In
12/3/21 19:26,,Out
12/3/21 19:30,14.34,
12/3/21 19:31,,In
12/3/21 19:32,,Out
12/3/21 19:35,14.22,
12/3/21 19:36,,In
12/3/21 19:36,,Out
12/3/21 19:39,,In
12/3/21 19:39,,Out
12/3/21 19:40,14.2,
12/3/21 19:42,,In
12/3/21 19:42,,Out
12/3/21 19:43,,In
12/3/21 19:43,,Out
12/3/21 19:45,14.24,
12/3/21 19:50,14.27,
12/3/21 19:54,,In
12/3/21 19:55,14.24,Out
12/3/21 20:00,14.28,
12/3/21 20:03,,In
12/3/21 20:04,,Out
12/3/21 20:05,14.35,
12/3/21 20:06,,In
12/3/21 20:06,,Out
12/3/21 20:06,,In
12/3/21 20:07,,Out
12/3/21 20:10,14.67,
12/3/21 20:14,,In
12/3/21 20:14,,Out
12/3/21 20:14,,In
12/3/21 20:15,14.56,
12/3/21 20:15,,Out
12/3/21 20:16,,In
12/3/21 20:16,,Out
12/3/21 20:18,,In
12/3/21 20:19,,Out
12/3/21 20:20,14.65,In
12/3/21 20:20,,Out
12/3/21 20:20,,In
12/3/21 20:21,,Out
12/3/21 20:21,,In
12/3/21 20:22,,Out
12/3/21 20:22,,In
12/3/21 20:22,,Out
12/3/21 20:24,,In
12/3/21 20:24,,Out
12/3/21 20:25,14.75,
12/3/21 20:25,,In
12/3/21 20:25,,Out
12/3/21 20:26,,In
12/3/21 20:26,,Out
12/3/21 20:28,,In
12/3/21 20:30,14.59,
12/3/21 20:30,,Out
12/3/21 20:30,,In
12/3/21 20:31,,Out
12/3/21 20:32,,In
12/3/21 20:32,,Out
12/3/21 20:33,,In
12/3/21 20:33,,Out
12/3/21 20:33,,In
12/3/21 20:34,,Out
12/3/21 20:34,,In
12/3/21 20:35,14.66,
12/3/21 20:35,,Out
12/3/21 20:35,,In
12/3/21 20:36,,Out
12/3/21 20:36,,In
12/3/21 20:37,,Out
12/3/21 20:37,,In
12/3/21 20:39,,Out
12/3/21 20:40,14.78,
12/3/21 20:40,,In
12/3/21 20:41,,Out
12/3/21 20:45,14.56,
12/3/21 20:45,,In
12/3/21 20:46,,Out
12/3/21 20:47,,In
12/3/21 20:48,,Out
12/3/21 20:48,,In
12/3/21 20:50,14.93,
12/3/21 20:51,,Out
12/3/21 20:52,,In
12/3/21 20:53,,Out
12/3/21 20:53,,In
12/3/21 20:53,,Out
12/3/21 20:55,14.74,
12/3/21 20:55,,In
12/3/21 20:56,,Out
12/3/21 20:57,,In
12/3/21 20:58,,Out
12/3/21 20:59,,In
12/3/21 21:00,14.68,Out
12/3/21 21:00,,In
12/3/21 21:00,,Out
12/3/21 21:02,,In
12/3/21 21:03,,Out
12/3/21 21:03,,In
12/3/21 21:05,14.86,
12/3/21 21:08,,Out
12/3/21 21:08,,In
12/3/21 21:08,,Out
12/3/21 21:09,,In
12/3/21 21:09,,Out
12/3/21 21:10,15,
12/3/21 21:10,,In
12/3/21 21:10,,Out
12/3/21 21:10,,In
12/3/21 21:11,,Out
12/3/21 21:11,,In
12/3/21 21:12,,Out
12/3/21 21:13,,In
12/3/21 21:15,14.96,
12/3/21 21:17,,Out
12/3/21 21:17,,In
12/3/21 21:18,,Out
12/3/21 21:19,,In
12/3/21 21:20,14.92,
12/3/21 21:20,,Out
12/3/21 21:21,,In
12/3/21 21:22,,Out
12/3/21 21:23,,In
12/3/21 21:23,,Out
12/3/21 21:24,,In
12/3/21 21:25,14.8,
12/3/21 21:27,,Out
12/3/21 21:30,14.68,
12/3/21 21:35,14.38,In
12/3/21 21:36,,Out
12/3/21 21:37,,In
12/3/21 21:38,,Out
12/3/21 21:38,,In
12/3/21 21:39,,Out
12/3/21 21:39,,In
12/3/21 21:40,14.53,Out
12/3/21 21:40,,In
12/3/21 21:40,,Out
12/3/21 21:43,,In
12/3/21 21:44,,Out
12/3/21 21:45,14.35,In
12/3/21 21:45,,Out
12/3/21 21:46,,In
12/3/21 21:46,,Out
12/3/21 21:48,,In
12/3/21 21:49,,Out
12/3/21 21:49,,In
12/3/21 21:50,14.43,
12/3/21 21:50,,Out
12/3/21 21:51,,In
12/3/21 21:52,,Out
12/3/21 21:54,,In
12/3/21 21:55,14.44,
12/3/21 21:55,,Out
12/3/21 21:55,,In
12/3/21 21:56,,Out
12/3/21 22:00,14.25,In
12/3/21 22:00,,Out
12/3/21 22:01,,In
12/3/21 22:02,,Out
12/3/21 22:04,,In
12/3/21 22:05,14.17,
12/3/21 22:06,,Out
12/3/21 22:09,,In
12/3/21 22:10,14.39,
12/3/21 22:10,,Out
12/3/21 22:10,,In
12/3/21 22:11,,Out
12/3/21 22:13,,In
12/3/21 22:14,,Out
12/3/21 22:15,14.26,
12/3/21 22:19,,In
12/3/21 22:20,14.26,
12/3/21 22:21,,Out
12/3/21 22:22,,In
12/3/21 22:23,,Out
12/3/21 22:25,14.09,
12/3/21 22:30,13.96,
12/3/21 22:35,14.07,
12/3/21 22:36,,In
12/3/21 22:36,,Out
12/3/21 22:37,,In
12/3/21 22:37,,Out
12/3/21 22:38,,In
12/3/21 22:38,,Out
12/3/21 22:40,14.26,
12/3/21 22:45,14.17,
12/3/21 22:46,,In
12/3/21 22:46,,Out
12/3/21 22:50,14.07,
12/3/21 22:55,13.97,
12/3/21 23:00,13.91,
12/3/21 23:05,13.94,
12/3/21 23:10,13.88,
12/3/21 23:15,13.9,
12/3/21 23:20,13.9,
12/3/21 23:25,13.95,
12/3/21 23:30,13.92,
12/3/21 23:35,13.84,
12/3/21 23:40,13.84,
12/3/21 23:45,13.82,
12/3/21 23:50,13.71,
12/3/21 23:55,13.5,
12/4/21 0:00,13.37,
12/4/21 0:05,13.23,
12/4/21 0:10,13.16,
12/4/21 0:15,13.07,
12/4/21 0:20,13.02,
12/4/21 0:25,13.06,
12/4/21 0:30,13.11,
12/4/21 0:35,13.17,
12/4/21 0:40,13.22,
12/4/21 0:45,13.24,
12/4/21 0:50,13.35,
12/4/21 0:55,13.38,
12/4/21 1:00,13.52,
12/4/21 1:05,13.6,
12/4/21 1:10,13.5,
12/4/21 1:15,13.45,
12/4/21 1:20,13.47,
12/4/21 1:25,13.48,
12/4/21 1:30,13.54,
12/4/21 1:35,13.52,
12/4/21 1:40,13.5,
12/4/21 1:45,13.49,
12/4/21 1:50,13.5,
12/4/21 1:55,13.52,
12/4/21 2:00,13.55,
12/4/21 2:05,13.62,
12/4/21 2:10,13.66,
12/4/21 2:15,13.65,
12/4/21 2:20,13.65,
12/4/21 2:25,13.6,
12/4/21 2:30,13.55,
12/4/21 2:35,13.55,
12/4/21 2:40,13.54,
12/4/21 2:45,13.51,
12/4/21 2:50,13.52,
12/4/21 2:55,13.5,
12/4/21 3:00,13.5,
12/4/21 3:05,13.51,
12/4/21 3:10,13.65,
12/4/21 3:15,13.74,
12/4/21 3:20,13.78,
12/4/21 3:25,13.82,
12/4/21 3:30,13.91,
12/4/21 3:35,13.95,
12/4/21 3:40,13.93,
12/4/21 3:45,13.93,
12/4/21 3:50,13.95,
12/4/21 3:55,13.94,
12/4/21 4:00,13.9,
12/4/21 4:05,13.93,
12/4/21 4:10,13.95,
12/4/21 4:15,13.81,
12/4/21 4:19,,In
12/4/21 4:20,13.73,
12/4/21 4:20,,Out
12/4/21 4:22,,In
12/4/21 4:23,,Out
12/4/21 4:25,13.59,
12/4/21 4:25,,In
12/4/21 4:26,,Out
12/4/21 4:28,,In
12/4/21 4:28,,Out
12/4/21 4:29,,In
12/4/21 4:30,13.59,Out
12/4/21 4:32,,In
12/4/21 4:32,,Out
12/4/21 4:33,,In
12/4/21 4:34,,Out
12/4/21 4:35,13.83,In
12/4/21 4:35,,Out
12/4/21 4:37,,In
12/4/21 4:37,,Out
12/4/21 4:39,,In
12/4/21 4:40,14.01,
12/4/21 4:40,,Out
12/4/21 4:43,,In
12/4/21 4:43,,Out
12/4/21 4:45,14.09,
12/4/21 4:45,,In
12/4/21 4:45,,Out
12/4/21 4:45,,In
12/4/21 4:46,,Out
12/4/21 4:46,,In
12/4/21 4:47,,Out
12/4/21 4:48,,In
12/4/21 4:50,14.42,
12/4/21 4:55,14.78,
12/4/21 4:56,,Out
12/4/21 4:57,,In
12/4/21 5:00,15.04,
12/4/21 5:05,15.17,
12/4/21 5:10,15.44,
12/4/21 5:15,15.7,
12/4/21 5:20,15.84,
12/4/21 5:25,15.91,
12/4/21 5:30,15.97,
12/4/21 5:35,15.99,
12/4/21 5:40,16.07,
12/4/21 5:45,16.12,
12/4/21 5:50,16.12,
12/4/21 5:55,16.17,
12/4/21 6:00,16.19,
12/4/21 6:05,16.16,
12/4/21 6:10,16.18,
12/4/21 6:15,16.18,
12/4/21 6:20,16.19,
12/4/21 6:25,16.2,
12/4/21 6:30,16.16,
12/4/21 6:35,16.2,
12/4/21 6:40,16.16,
12/4/21 6:45,16.18,
12/4/21 6:50,16.18,
12/4/21 6:55,16.19,
12/4/21 7:00,16.2,
12/4/21 7:05,16.17,
12/4/21 7:10,16.18,
12/4/21 7:15,16.18,
12/4/21 7:20,16.15,
12/4/21 7:25,16.2,
12/4/21 7:30,16.17,
12/4/21 7:35,16.17,
12/4/21 7:40,16.17,
12/4/21 7:45,16.18,
12/4/21 7:50,16.17,
12/4/21 7:55,16.18,
12/4/21 8:00,16.19,
12/4/21 8:05,16.19,
12/4/21 8:10,16.18,
12/4/21 8:15,16.17,
12/4/21 8:20,16.16,
12/4/21 8:25,16.19,
12/4/21 8:30,16.18,
12/4/21 8:35,16.21,
12/4/21 8:40,16.2,
12/4/21 8:45,16.21,
12/4/21 8:50,16.21,
12/4/21 8:55,16.2,
12/4/21 9:00,16.22,
12/4/21 9:05,16.19,
12/4/21 9:10,16.22,
12/4/21 9:15,16.21,
12/4/21 9:20,16.22,
12/4/21 9:25,16.24,
12/4/21 9:30,16.26,
12/4/21 9:35,16.28,
12/4/21 9:40,16.29,
12/4/21 9:45,16.34,
12/4/21 9:50,16.36,
12/4/21 9:55,16.44,
12/4/21 10:00,16.49,
12/4/21 10:05,16.51,
12/4/21 10:10,16.76,
12/4/21 10:15,16.98,
12/4/21 10:20,17.48,
12/4/21 10:25,17.09,
12/4/21 10:30,18.83,
12/4/21 10:35,20.16,
12/4/21 10:40,20.5,
12/4/21 10:45,21.16,
12/4/21 10:47,,Out
12/4/21 10:47,,In
12/4/21 10:50,21.69,
12/4/21 10:53,,Out
12/4/21 10:53,,In
12/4/21 10:55,22.1,
12/4/21 10:59,,Out
12/4/21 10:59,,In
12/4/21 10:59,,Out
12/4/21 11:00,22.57,
12/4/21 11:00,,In
12/4/21 11:00,,Out
12/4/21 11:01,,In
12/4/21 11:01,,Out
12/4/21 11:01,,In
12/4/21 11:02,,Out
12/4/21 11:02,,In
12/4/21 11:03,,Out
12/4/21 11:03,,In
12/4/21 11:03,,Out
12/4/21 11:04,,In
12/4/21 11:04,,Out
12/4/21 11:05,23.41,
12/4/21 11:05,,In
12/4/21 11:05,,Out
12/4/21 11:08,,In
12/4/21 11:09,,Out
12/4/21 11:10,24.19,
12/4/21 11:14,,In
12/4/21 11:15,24.82,Out
12/4/21 11:20,21.83,
12/4/21 11:20,,In
12/4/21 11:20,,Out
12/4/21 11:23,,In
12/4/21 11:23,,Out
12/4/21 11:25,20.42,
12/4/21 11:26,,In
12/4/21 11:26,,Out
12/4/21 11:30,22.19,
12/4/21 11:35,20.66,
12/4/21 11:40,19.94,
12/4/21 11:45,20,
12/4/21 11:50,20.11,
12/4/21 11:55,20.68,
12/4/21 12:00,21.21,
12/4/21 12:05,21.1,
12/4/21 12:10,20.76,
12/4/21 12:15,20.74,
12/4/21 12:20,20.54,
12/4/21 12:25,20.49,
12/4/21 12:30,20.73,
12/4/21 12:35,21.46,
12/4/21 12:40,22.69,
12/4/21 12:45,22.09,
12/4/21 12:50,21.67,
12/4/21 12:55,21.4,
12/4/21 13:00,21.43,
12/4/21 13:05,21.14,
12/4/21 13:10,21.61,
12/4/21 13:15,21.43,
12/4/21 13:20,21.2,
12/4/21 13:25,20.83,
12/4/21 13:30,20.73,
12/4/21 13:35,20.41,
12/4/21 13:40,20.37,
12/4/21 13:45,20.33,
12/4/21 13:50,20.46,
12/4/21 13:55,20.36,
12/4/21 14:00,20.66,
12/4/21 14:05,22.17,
12/4/21 14:10,22.67,
12/4/21 14:15,23.77,
12/4/21 14:20,23.54,
12/4/21 14:25,23.15,
12/4/21 14:30,22.39,
12/4/21 14:35,21.34,
12/4/21 14:40,20.46,
12/4/21 14:45,19.83,
12/4/21 14:50,19.42,
12/4/21 14:55,19.11,
12/4/21 15:00,18.99,
12/4/21 15:05,18.72,
12/4/21 15:10,18.39,
12/4/21 15:15,18.07,
12/4/21 15:20,17.98,
12/4/21 15:25,17.83,
12/4/21 15:30,17.69,
12/4/21 15:35,17.63,
12/4/21 15:40,17.46,
12/4/21 15:45,17.21,
12/4/21 15:50,17.11,
12/4/21 15:55,16.93,
12/4/21 16:00,16.79,
12/4/21 16:05,16.65,
12/4/21 16:10,16.52,
12/4/21 16:15,16.36,
12/4/21 16:20,16.24,
12/4/21 16:25,16.14,
12/4/21 16:30,16.03,
12/4/21 16:35,15.91,
12/4/21 16:40,15.82,
12/4/21 16:45,15.69,
12/4/21 16:50,15.6,
12/4/21 16:55,15.55,
12/4/21 17:00,15.52,
12/4/21 17:05,15.46,
12/4/21 17:10,15.42,
12/4/21 17:15,15.37,
12/4/21 17:20,15.36,
12/4/21 17:25,15.33,
12/4/21 17:30,15.33,
12/4/21 17:35,15.3,
12/4/21 17:40,15.28,
12/4/21 17:45,15.22,
12/4/21 17:50,15.15,
12/4/21 17:55,15.11,
12/4/21 18:00,15.04,
12/4/21 18:05,14.97,
12/4/21 18:10,14.89,
12/4/21 18:15,14.93,
12/4/21 18:20,14.95,
12/4/21 18:25,14.88,
12/4/21 18:30,14.87,
12/4/21 18:35,14.8,
12/4/21 18:40,14.66,
12/4/21 18:45,14.49,
12/4/21 18:50,14.23,
12/4/21 18:55,14.08,
12/4/21 19:00,13.8,
12/4/21 19:05,13.59,
12/4/21 19:10,13.34,
12/4/21 19:15,13.22,
12/4/21 19:20,13.07,
12/4/21 19:25,12.88,
12/4/21 19:30,12.76,
12/4/21 19:35,12.59,
12/4/21 19:40,12.49,
12/4/21 19:45,12.42,
12/4/21 19:50,12.33,
12/4/21 19:55,12.18,
12/4/21 20:00,12.21,
12/4/21 20:05,12.21,
12/4/21 20:10,12.13,
12/4/21 20:15,12.13,
12/4/21 20:20,12.14,
12/4/21 20:25,12.17,
12/4/21 20:30,12.2,
12/4/21 20:35,12.04,
12/4/21 20:40,11.92,
12/4/21 20:45,11.89,
12/4/21 20:50,11.73,
12/4/21 20:55,11.74,
12/4/21 20:56,,In
12/4/21 20:57,,Out
12/4/21 21:00,11.81,
12/4/21 21:05,11.7,
12/4/21 21:10,11.73,
12/4/21 21:11,,In
12/4/21 21:11,,Out
12/4/21 21:15,11.94,
12/4/21 21:20,12.12,In
12/4/21 21:20,,Out
12/4/21 21:23,,In
12/4/21 21:24,,Out
12/4/21 21:25,12.29,
12/4/21 21:30,11.92,
12/4/21 21:31,,In
12/4/21 21:32,,Out
12/4/21 21:35,12.08,
12/4/21 21:40,11.98,
12/4/21 21:45,11.85,
12/4/21 21:48,,In
12/4/21 21:49,,Out
12/4/21 21:50,12.1,
12/4/21 21:55,11.88,
12/4/21 21:59,,In
12/4/21 21:59,,Out
12/4/21 22:00,12.03,
12/4/21 22:05,12,
12/4/21 22:06,,In
12/4/21 22:06,,Out
12/4/21 22:10,12.29,
12/4/21 22:15,12.42,
12/4/21 22:15,,In
12/4/21 22:16,,Out
12/4/21 22:17,,In
12/4/21 22:17,,Out
12/4/21 22:17,,In
12/4/21 22:18,,Out
12/4/21 22:20,12.91,
12/4/21 22:23,,In
12/4/21 22:23,,Out
12/4/21 22:25,12.65,
12/4/21 22:28,,In
12/4/21 22:28,,Out
12/4/21 22:30,12.77,
12/4/21 22:32,,In
12/4/21 22:32,,Out
12/4/21 22:35,12.8,
12/4/21 22:40,12.76,
12/4/21 22:45,12.59,
12/4/21 22:50,12.34,
12/4/21 22:55,12.38,
12/4/21 23:00,12.6,
12/4/21 23:05,12.43,
12/4/21 23:10,12.46,
12/4/21 23:10,,In
12/4/21 23:10,,Out
12/4/21 23:14,,In
12/4/21 23:15,12.52,Out
12/4/21 23:16,,In
12/4/21 23:16,,Out
12/4/21 23:20,12.61,
12/4/21 23:25,12.63,
12/4/21 23:30,12.67,
12/4/21 23:35,12.66,
12/4/21 23:40,12.61,
12/4/21 23:45,12.62,
12/4/21 23:50,12.56,
12/4/21 23:55,12.55,
12/5/21 0:00,12.62,
12/5/21 0:05,12.61,
12/5/21 0:10,12.36,
12/5/21 0:15,12.28,
12/5/21 0:20,12.29,
12/5/21 0:25,12.34,
12/5/21 0:30,12.33,
12/5/21 0:35,12.34,
12/5/21 0:40,12.3,
12/5/21 0:45,12.2,
12/5/21 0:50,12.1,
12/5/21 0:55,12,
12/5/21 1:00,11.87,
12/5/21 1:05,11.82,
12/5/21 1:10,11.78,
12/5/21 1:15,11.67,
12/5/21 1:20,11.56,
12/5/21 1:25,11.42,
12/5/21 1:30,11.3,
12/5/21 1:35,11.18,
12/5/21 1:40,11.07,
12/5/21 1:45,10.98,
12/5/21 1:50,10.92,
12/5/21 1:55,10.84,
12/5/21 2:00,10.69,
12/5/21 2:05,10.59,
12/5/21 2:10,10.53,
12/5/21 2:15,10.41,
12/5/21 2:20,10.27,
12/5/21 2:25,10.22,
12/5/21 2:30,10.16,
12/5/21 2:35,10.15,
12/5/21 2:40,10.12,
12/5/21 2:45,10.1,
12/5/21 2:50,10.05,
12/5/21 2:55,9.97,
12/5/21 3:00,9.96,
12/5/21 3:05,9.96,
12/5/21 3:10,9.93,
12/5/21 3:15,9.96,
12/5/21 3:20,9.92,
12/5/21 3:25,9.94,
12/5/21 3:30,9.97,
12/5/21 3:35,9.94,
12/5/21 3:40,9.9,
12/5/21 3:45,9.84,
12/5/21 3:50,9.8,
12/5/21 3:55,9.72,
12/5/21 4:00,9.66,
12/5/21 4:05,9.64,
12/5/21 4:10,9.65,
12/5/21 4:15,9.67,
12/5/21 4:20,9.74,
12/5/21 4:25,9.67,
12/5/21 4:30,9.67,
12/5/21 4:35,9.67,
12/5/21 4:40,9.7,
12/5/21 4:45,9.67,
12/5/21 4:50,9.76,
12/5/21 4:51,,In
12/5/21 4:51,,Out
12/5/21 4:55,9.91,
12/5/21 4:58,,In
12/5/21 4:58,,Out
12/5/21 5:00,10.07,
12/5/21 5:01,,In
12/5/21 5:01,,Out
12/5/21 5:05,10.15,
12/5/21 5:07,,In
12/5/21 5:08,,Out
12/5/21 5:10,10.3,
12/5/21 5:11,,In
12/5/21 5:12,,Out
12/5/21 5:13,,In
12/5/21 5:13,,Out
12/5/21 5:15,10.62,
12/5/21 5:16,,In
12/5/21 5:17,,Out
12/5/21 5:17,,In
12/5/21 5:18,,Out
12/5/21 5:19,,In
12/5/21 5:19,,Out
12/5/21 5:20,10.79,
12/5/21 5:21,,In
12/5/21 5:21,,Out
12/5/21 5:22,,In
12/5/21 5:22,,Out
12/5/21 5:23,,In
12/5/21 5:23,,Out
12/5/21 5:24,,In
12/5/21 5:25,11.32,
12/5/21 5:25,,Out
12/5/21 5:26,,In
12/5/21 5:27,,Out
12/5/21 5:27,,In
12/5/21 5:28,,Out
12/5/21 5:28,,In
12/5/21 5:28,,Out
12/5/21 5:28,,In
12/5/21 5:29,,Out
12/5/21 5:29,,In
12/5/21 5:30,12.05,
12/5/21 5:30,,Out
12/5/21 5:31,,In
12/5/21 5:31,,Out
12/5/21 5:32,,In
12/5/21 5:32,,Out
12/5/21 5:32,,In
12/5/21 5:32,,Out
12/5/21 5:33,,In
12/5/21 5:33,,Out
12/5/21 5:33,,In
12/5/21 5:33,,Out
12/5/21 5:34,,In
12/5/21 5:35,12.33,
12/5/21 5:35,,Out
12/5/21 5:36,,In
12/5/21 5:36,,Out
12/5/21 5:37,,In
12/5/21 5:39,,Out
12/5/21 5:40,12.77,
12/5/21 5:40,,In
12/5/21 5:45,13.47,
12/5/21 5:50,13.9,
12/5/21 5:55,14.45,
12/5/21 6:00,14.67,
12/5/21 6:05,14.83,
12/5/21 6:10,15.08,
12/5/21 6:15,15.19,
12/5/21 6:20,15.31,
12/5/21 6:25,15.4,
12/5/21 6:30,15.43,
12/5/21 6:35,15.54,
12/5/21 6:40,15.55,
12/5/21 6:45,15.59,
12/5/21 6:50,15.6,
12/5/21 6:55,15.61,
12/5/21 7:00,15.63,
12/5/21 7:05,15.63,
12/5/21 7:10,15.69,
12/5/21 7:15,15.69,
12/5/21 7:20,15.69,
12/5/21 7:25,15.69,
12/5/21 7:30,15.7,
12/5/21 7:35,15.68,
12/5/21 7:40,15.68,
12/5/21 7:45,15.69,
12/5/21 7:50,15.69,
12/5/21 7:55,15.7,
12/5/21 8:00,15.71,
12/5/21 8:05,15.77,
12/5/21 8:10,15.73,
12/5/21 8:15,15.73,
12/5/21 8:20,15.75,
12/5/21 8:25,15.82,
12/5/21 8:30,15.77,
12/5/21 8:35,15.78,
12/5/21 8:40,15.85,
12/5/21 8:45,15.78,
12/5/21 8:50,15.82,
12/5/21 8:55,15.89,
12/5/21 9:00,15.87,
12/5/21 9:05,15.88,
12/5/21 9:10,16.01,
12/5/21 9:15,15.91,
12/5/21 9:20,15.98,
12/5/21 9:25,15.95,
12/5/21 9:30,15.93,
12/5/21 9:35,16.04,
12/5/21 9:40,16.13,
12/5/21 9:45,16.24,
12/5/21 9:50,16.12,
12/5/21 9:55,16,
12/5/21 10:00,16.08,
12/5/21 10:05,16.31,
12/5/21 10:10,16.16,
12/5/21 10:15,16.28,
12/5/21 10:20,16.28,
12/5/21 10:25,16.48,
12/5/21 10:30,16.57,
12/5/21 10:35,16.63,
12/5/21 10:40,16.76,
12/5/21 10:45,17.08,
12/5/21 10:50,17.31,
12/5/21 10:55,17.67,
12/5/21 11:00,18.06,
12/5/21 11:05,18.23,
12/5/21 11:10,18.92,
12/5/21 11:15,19.32,
12/5/21 11:20,19.86,
12/5/21 11:25,20.77,
12/5/21 11:30,21.04,
12/5/21 11:35,21.36,
12/5/21 11:38,,Out
12/5/21 11:39,,In
12/5/21 11:39,,Out
12/5/21 11:40,22.16,In
12/5/21 11:43,,Out
12/5/21 11:43,,In
12/5/21 11:45,22.29,Out
12/5/21 11:45,,In
12/5/21 11:45,,Out
12/5/21 11:46,,In
12/5/21 11:47,,Out
12/5/21 11:48,,In
12/5/21 11:48,,Out
12/5/21 11:48,,In
12/5/21 11:49,,Out
12/5/21 11:50,22.57,
12/5/21 11:50,,In
12/5/21 11:51,,Out
12/5/21 11:52,,In
12/5/21 11:52,,Out
12/5/21 11:52,,In
12/5/21 11:53,,Out
12/5/21 11:54,,In
12/5/21 11:54,,Out
12/5/21 11:55,23.3,
12/5/21 11:57,,In
12/5/21 11:57,,Out
12/5/21 11:58,,In
12/5/21 11:58,,Out
12/5/21 11:59,,In
12/5/21 11:59,,Out
12/5/21 12:00,23.98,
12/5/21 12:02,,In
12/5/21 12:03,,Out
12/5/21 12:05,24.66,
12/5/21 12:10,25.16,
12/5/21 12:15,26.53,
12/5/21 12:15,,In
12/5/21 12:16,,Out
12/5/21 12:20,26.5,
12/5/21 12:25,27.31,
12/5/21 12:30,28.17,
12/5/21 12:35,28.59,
12/5/21 12:40,28.89,
12/5/21 12:45,29.29,
12/5/21 12:50,29.45,
12/5/21 12:55,29.67,
12/5/21 13:00,29.65,
12/5/21 13:05,29.75,
12/5/21 13:10,29.64,
12/5/21 13:15,29.63,
12/5/21 13:20,29.43,
12/5/21 13:25,28.88,
12/5/21 13:30,29.02,
12/5/21 13:35,29.42,
12/5/21 13:40,29.7,
12/5/21 13:45,29.76,
12/5/21 13:50,29.82,
12/5/21 13:55,29.78,
12/5/21 14:00,29.67,
12/5/21 14:05,29.54,
12/5/21 14:10,29.44,
12/5/21 14:15,29.32,
12/5/21 14:20,29.07,
12/5/21 14:25,28.88,
12/5/21 14:30,28.71,
12/5/21 14:35,28.49,
12/5/21 14:40,28.24,
12/5/21 14:45,28.1,
12/5/21 14:50,27.96,
12/5/21 14:55,27.72,
12/5/21 15:00,27.58,
12/5/21 15:05,27.41,
12/5/21 15:10,27.17,
12/5/21 15:15,26.76,
12/5/21 15:20,26.35,
12/5/21 15:25,26.1,
12/5/21 15:30,25.96,
12/5/21 15:35,25.51,
12/5/21 15:40,25.35,
12/5/21 15:45,25.01,
12/5/21 15:50,24.55,
12/5/21 15:55,22.87,
12/5/21 16:00,21.33,
12/5/21 16:05,20.25,
12/5/21 16:10,19.52,
12/5/21 16:15,19.02,
12/5/21 16:20,18.58,
12/5/21 16:25,18.23,
12/5/21 16:30,17.91,
12/5/21 16:35,17.5,
12/5/21 16:40,17.2,
12/5/21 16:45,16.98,
12/5/21 16:50,16.72,
12/5/21 16:55,16.41,
12/5/21 17:00,16.14,
12/5/21 17:05,15.86,
12/5/21 17:10,15.62,
12/5/21 17:15,15.49,
12/5/21 17:20,15.48,
12/5/21 17:25,15.28,
12/5/21 17:30,15.13,
12/5/21 17:35,14.99,
12/5/21 17:40,14.98,
12/5/21 17:45,14.98,
12/5/21 17:50,14.75,
12/5/21 17:55,14.57,
12/5/21 18:00,14.42,
12/5/21 18:05,14.26,
12/5/21 18:10,14.12,
12/5/21 18:15,14.03,
12/5/21 18:20,13.93,
12/5/21 18:25,13.74,
12/5/21 18:30,13.63,
12/5/21 18:35,13.55,
12/5/21 18:40,13.45,
12/5/21 18:45,13.43,
12/5/21 18:50,13.23,
12/5/21 18:55,13.05,
12/5/21 19:00,13.01,
12/5/21 19:05,13.01,
12/5/21 19:10,12.95,
12/5/21 19:15,12.85,
12/5/21 19:20,12.86,
12/5/21 19:25,12.76,
12/5/21 19:30,12.79,
12/5/21 19:35,12.75,
12/5/21 19:40,12.7,
12/5/21 19:45,12.69,
12/5/21 19:50,12.59,
12/5/21 19:55,12.48,
12/5/21 20:00,12.29,
12/5/21 20:05,12.21,
12/5/21 20:10,12.21,
12/5/21 20:15,12.12,
12/5/21 20:20,12.01,
12/5/21 20:25,11.98,
12/5/21 20:30,11.97,
12/5/21 20:35,11.88,
12/5/21 20:40,11.84,
12/5/21 20:45,11.79,
12/5/21 20:50,11.66,
12/5/21 20:55,11.73,
12/5/21 21:00,11.76,
12/5/21 21:05,11.63,
12/5/21 21:10,11.67,
12/5/21 21:15,11.72,
12/5/21 21:20,11.89,
12/5/21 21:25,11.82,
12/5/21 21:30,11.62,
12/5/21 21:35,11.46,
12/5/21 21:40,11.39,
12/5/21 21:40,,In
12/5/21 21:41,,Out
12/5/21 21:45,11.38,
12/5/21 21:50,11.47,
12/5/21 21:55,11.29,
12/5/21 22:00,11.15,
12/5/21 22:03,,In
12/5/21 22:04,,Out
12/5/21 22:05,11.26,
12/5/21 22:10,11.24,
12/5/21 22:15,11.14,
12/5/21 22:19,,In
12/5/21 22:19,,Out
12/5/21 22:20,11.18,
12/5/21 22:25,11.05,
12/5/21 22:30,11.15,
12/5/21 22:35,11.51,
12/5/21 22:40,11.79,
12/5/21 22:45,12.1,
12/5/21 22:45,,In
12/5/21 22:46,,Out
12/5/21 22:50,12.04,
12/5/21 22:55,11.9,
12/5/21 22:59,,In
12/5/21 22:59,,Out
12/5/21 23:00,11.99,
12/5/21 23:02,,In
12/5/21 23:02,,Out
12/5/21 23:05,12.31,
12/5/21 23:10,12.05,
12/5/21 23:15,11.86,
12/5/21 23:20,11.69,
12/5/21 23:21,,In
12/5/21 23:22,,Out
12/5/21 23:23,,In
12/5/21 23:23,,Out
12/5/21 23:25,12.12,
12/5/21 23:25,,In
12/5/21 23:26,,Out
12/5/21 23:26,,In
12/5/21 23:26,,Out
12/5/21 23:30,12.3,
12/5/21 23:35,11.89,
12/5/21 23:40,11.78,
12/5/21 23:43,,In
12/5/21 23:44,,Out
12/5/21 23:45,11.64,
12/5/21 23:45,,In
12/5/21 23:45,,Out
12/5/21 23:45,,In
12/5/21 23:46,,Out
12/5/21 23:50,11.4,
12/5/21 23:55,11.13,
12/6/21 0:00,10.96,
12/6/21 0:05,11.07,
12/6/21 0:09,,In
12/6/21 0:10,11.1,
12/6/21 0:10,,Out
12/6/21 0:15,10.98,
12/6/21 0:20,11.01,
12/6/21 0:25,11.15,
12/6/21 0:26,,In
12/6/21 0:27,,Out
12/6/21 0:30,11.23,
12/6/21 0:35,10.97,
12/6/21 0:40,10.85,
12/6/21 0:45,10.88,
12/6/21 0:50,10.93,
12/6/21 0:55,10.83,
12/6/21 1:00,10.73,
12/6/21 1:05,10.81,
12/6/21 1:10,10.74,
12/6/21 1:15,10.7,
12/6/21 1:20,10.59,
12/6/21 1:25,10.45,
12/6/21 1:30,10.37,
12/6/21 1:35,10.3,
12/6/21 1:40,10.14,
12/6/21 1:45,10.14,
12/6/21 1:50,10.15,
12/6/21 1:55,10.11,
12/6/21 2:00,10.04,
12/6/21 2:05,9.97,
12/6/21 2:10,9.9,
12/6/21 2:15,9.84,
12/6/21 2:20,9.8,
12/6/21 2:25,9.72,
12/6/21 2:30,9.79,
12/6/21 2:35,9.76,
12/6/21 2:40,9.75,
12/6/21 2:45,9.77,
12/6/21 2:50,9.84,
12/6/21 2:55,9.75,
12/6/21 3:00,9.78,
12/6/21 3:05,9.85,
12/6/21 3:10,9.84,
12/6/21 3:15,9.86,
12/6/21 3:20,9.8,
12/6/21 3:25,9.79,
12/6/21 3:30,9.8,
12/6/21 3:35,9.76,
12/6/21 3:40,9.74,
12/6/21 3:45,9.83,
12/6/21 3:50,9.93,
12/6/21 3:55,9.93,
12/6/21 4:00,9.97,
12/6/21 4:05,9.84,
12/6/21 4:10,9.88,
12/6/21 4:15,9.78,
12/6/21 4:20,9.78,
12/6/21 4:25,9.83,
12/6/21 4:30,9.94,
12/6/21 4:35,9.97,
12/6/21 4:40,9.95,
12/6/21 4:45,9.93,
12/6/21 4:50,9.84,
12/6/21 4:55,9.83,
12/6/21 5:00,9.83,
12/6/21 5:05,9.82,
12/6/21 5:10,9.78,
12/6/21 5:15,9.75,
12/6/21 5:20,9.7,
12/6/21 5:25,9.68,
12/6/21 5:30,9.6,
12/6/21 5:35,9.66,
12/6/21 5:40,9.78,
12/6/21 5:45,9.61,
12/6/21 5:45,,In
12/6/21 5:45,,Out
12/6/21 5:50,9.4,
12/6/21 5:53,,In
12/6/21 5:53,,Out
12/6/21 5:55,9.57,
12/6/21 5:57,,In
12/6/21 5:58,,Out
12/6/21 5:58,,In
12/6/21 5:59,,Out
12/6/21 6:00,10.22,
12/6/21 6:02,,In
12/6/21 6:03,,Out
12/6/21 6:05,10.59,
12/6/21 6:05,,In
12/6/21 6:05,,Out
12/6/21 6:06,,In
12/6/21 6:06,,Out
12/6/21 6:10,10.68,
12/6/21 6:10,,In
12/6/21 6:11,,Out
12/6/21 6:12,,In
12/6/21 6:13,,Out
12/6/21 6:13,,In
12/6/21 6:13,,Out
12/6/21 6:14,,In
12/6/21 6:14,,Out
12/6/21 6:15,11.58,
12/6/21 6:15,,In
12/6/21 6:15,,Out
12/6/21 6:15,,In
12/6/21 6:16,,Out
12/6/21 6:17,,In
12/6/21 6:17,,Out
12/6/21 6:17,,In
12/6/21 6:18,,Out
12/6/21 6:19,,In
12/6/21 6:19,,Out
12/6/21 6:19,,In
12/6/21 6:20,12.52,Out
12/6/21 6:20,,In
12/6/21 6:20,,Out
12/6/21 6:21,,In
12/6/21 6:21,,Out
12/6/21 6:23,,In
12/6/21 6:24,,Out
12/6/21 6:25,12.47,
12/6/21 6:25,,In
12/6/21 6:25,,Out
12/6/21 6:26,,In
12/6/21 6:26,,Out
12/6/21 6:27,,In
12/6/21 6:27,,Out
12/6/21 6:27,,In
12/6/21 6:28,,Out
12/6/21 6:29,,In
12/6/21 6:29,,Out
12/6/21 6:29,,In
12/6/21 6:30,12.99,Out
12/6/21 6:30,,In
12/6/21 6:31,,Out
12/6/21 6:31,,In
12/6/21 6:31,,Out
12/6/21 6:31,,In
12/6/21 6:32,,Out
12/6/21 6:32,,In
12/6/21 6:32,,Out
12/6/21 6:33,,In
12/6/21 6:33,,Out
12/6/21 6:33,,In
12/6/21 6:35,13.49,
12/6/21 6:35,,Out
12/6/21 6:35,,In
12/6/21 6:36,,Out
12/6/21 6:36,,In
12/6/21 6:36,,Out
12/6/21 6:36,,In
12/6/21 6:38,,Out
12/6/21 6:39,,In
12/6/21 6:40,13.81,
12/6/21 6:45,14.19,
12/6/21 6:50,14.6,
12/6/21 6:55,14.82,
12/6/21 7:00,14.99,
12/6/21 7:05,15.13,
12/6/21 7:10,15.27,
12/6/21 7:15,15.31,
12/6/21 7:20,15.37,
12/6/21 7:25,15.45,
12/6/21 7:30,15.47,
12/6/21 7:35,15.53,
12/6/21 7:40,15.57,
12/6/21 7:45,15.67,
12/6/21 7:50,15.71,
12/6/21 7:55,15.76,
12/6/21 8:00,15.77,
12/6/21 8:05,15.77,
12/6/21 8:10,15.74,
12/6/21 8:15,15.73,
12/6/21 8:20,15.76,
12/6/21 8:25,15.76,
12/6/21 8:30,15.88,
12/6/21 8:35,15.82,
12/6/21 8:40,15.85,
12/6/21 8:45,15.87,
12/6/21 8:50,15.89,
12/6/21 8:55,15.9,
12/6/21 9:00,15.87,
12/6/21 9:05,15.93,
12/6/21 9:10,15.9,
12/6/21 9:15,15.97,
12/6/21 9:20,16.01,
12/6/21 9:25,16.13,
12/6/21 9:30,15.99,
12/6/21 9:35,16.03,
12/6/21 9:40,16.14,
12/6/21 9:45,16.32,
12/6/21 9:50,16.2,
12/6/21 9:55,16.1,
12/6/21 10:00,16.17,
12/6/21 10:05,16.28,
12/6/21 10:10,16.29,
12/6/21 10:15,16.44,
12/6/21 10:20,16.37,
12/6/21 10:25,16.45,
12/6/21 10:30,16.63,
12/6/21 10:35,16.45,
12/6/21 10:40,16.56,
12/6/21 10:45,16.74,
12/6/21 10:50,16.93,
12/6/21 10:55,16.67,
12/6/21 11:00,16.8,
12/6/21 11:05,16.94,
12/6/21 11:10,16.88,
12/6/21 11:15,16.91,
12/6/21 11:20,17.07,
12/6/21 11:25,17.16,
12/6/21 11:30,17.69,
12/6/21 11:35,17.95,
12/6/21 11:40,17.83,
12/6/21 11:45,18.34,
12/6/21 11:50,18.82,
12/6/21 11:55,18.88,
12/6/21 12:00,19.52,
12/6/21 12:05,19.88,
12/6/21 12:10,19.88,
12/6/21 12:15,19.97,
12/6/21 12:20,20.48,Out
12/6/21 12:20,,In
12/6/21 12:23,,Out
12/6/21 12:23,,In
12/6/21 12:25,20.69,
12/6/21 12:25,,Out
12/6/21 12:25,,In
12/6/21 12:26,,Out
12/6/21 12:26,,In
12/6/21 12:26,,Out
12/6/21 12:27,,In
12/6/21 12:28,,Out
12/6/21 12:28,,In
12/6/21 12:29,,Out
12/6/21 12:29,,In
12/6/21 12:30,20.77,
12/6/21 12:30,,Out
12/6/21 12:31,,In
12/6/21 12:32,,Out
12/6/21 12:32,,In
12/6/21 12:32,,Out
12/6/21 12:33,,In
12/6/21 12:33,,Out
12/6/21 12:34,,In
12/6/21 12:35,21.34,
12/6/21 12:35,,Out
12/6/21 12:36,,In
12/6/21 12:38,,Out
12/6/21 12:39,,In
12/6/21 12:39,,Out
12/6/21 12:39,,In
12/6/21 12:40,22.36,
12/6/21 12:40,,Out
12/6/21 12:43,,In
12/6/21 12:43,,Out
12/6/21 12:45,23.13,
12/6/21 12:45,,In
12/6/21 12:45,,Out
12/6/21 12:50,23.68,
12/6/21 12:55,24.33,
12/6/21 13:00,24.75,
12/6/21 13:05,25.22,
12/6/21 13:10,25.49,
12/6/21 13:15,25.37,
12/6/21 13:20,25.34,
12/6/21 13:25,25.36,
12/6/21 13:30,26.1,
12/6/21 13:35,25.95,
12/6/21 13:40,25.22,
12/6/21 13:45,25.57,
12/6/21 13:50,23.97,
12/6/21 13:55,24.05,
12/6/21 14:00,24.38,
12/6/21 14:05,25.29,
12/6/21 14:10,25.14,
12/6/21 14:15,24.69,
12/6/21 14:20,24.63,
12/6/21 14:25,23.56,
12/6/21 14:30,22.8,
12/6/21 14:35,22.44,
12/6/21 14:40,22.1,
12/6/21 14:45,21.6,
12/6/21 14:50,21.2,
12/6/21 14:55,20.87,
12/6/21 15:00,20.48,
12/6/21 15:05,20.13,
12/6/21 15:10,19.79,
12/6/21 15:15,19.51,
12/6/21 15:20,19.24,
12/6/21 15:25,19.03,
12/6/21 15:30,18.91,
12/6/21 15:35,18.76,
12/6/21 15:40,18.59,
12/6/21 15:45,18.42,
12/6/21 15:50,18.25,
12/6/21 15:55,18.04,
12/6/21 16:00,17.85,
12/6/21 16:05,17.7,
12/6/21 16:10,17.5,
12/6/21 16:15,17.26,
12/6/21 16:20,17.03,
12/6/21 16:25,16.79,
12/6/21 16:30,16.55,
12/6/21 16:35,16.37,
12/6/21 16:40,16.33,
12/6/21 16:45,16.34,
12/6/21 16:50,16.31,
12/6/21 16:55,16.31,
12/6/21 17:00,16.36,
12/6/21 17:05,16.44,
12/6/21 17:10,16.45,
12/6/21 17:15,16.48,
12/6/21 17:20,16.45,
12/6/21 17:25,16.43,
12/6/21 17:30,16.39,
12/6/21 17:35,16.35,
12/6/21 17:40,16.32,
12/6/21 17:45,16.32,
12/6/21 17:50,16.32,
12/6/21 17:55,16.3,
12/6/21 18:00,16.32,
12/6/21 18:05,16.26,
12/6/21 18:10,16.24,
12/6/21 18:15,16.19,
12/6/21 18:20,16.15,
12/6/21 18:25,16.12,
12/6/21 18:30,16.06,
12/6/21 18:35,16,
12/6/21 18:40,15.93,
12/6/21 18:45,15.91,
12/6/21 18:50,15.93,
12/6/21 18:55,15.9,
12/6/21 19:00,15.74,
12/6/21 19:05,15.61,
12/6/21 19:10,15.46,
12/6/21 19:15,15.28,
12/6/21 19:20,15.09,
12/6/21 19:25,15.09,
12/6/21 19:30,15.22,
12/6/21 19:35,15.36,
12/6/21 19:40,15.39,
12/6/21 19:45,15.37,
12/6/21 19:50,15.31,
12/6/21 19:55,15.31,
12/6/21 20:00,15.37,
12/6/21 20:05,15.42,
12/6/21 20:10,15.41,
12/6/21 20:15,15.37,
12/6/21 20:20,15.36,
12/6/21 20:25,15.33,
12/6/21 20:30,15.37,
12/6/21 20:35,15.37,
12/6/21 20:40,15.32,
12/6/21 20:45,15.26,
12/6/21 20:50,15.18,
12/6/21 20:55,15.15,
12/6/21 21:00,15.14,
12/6/21 21:05,15.16,
12/6/21 21:10,15.24,
12/6/21 21:15,15.29,
12/6/21 21:20,15.32,
12/6/21 21:25,15.33,
12/6/21 21:30,15.32,
12/6/21 21:35,15.36,
12/6/21 21:40,15.37,
12/6/21 21:45,15.37,
12/6/21 21:50,15.43,
12/6/21 21:55,15.44,
12/6/21 22:00,15.43,
12/6/21 22:05,15.38,
12/6/21 22:10,15.27,
12/6/21 22:15,15.19,
12/6/21 22:20,15.19,
12/6/21 22:25,15.18,
12/6/21 22:30,15.21,
12/6/21 22:35,15.19,
12/6/21 22:40,15.19,
12/6/21 22:45,15.26,
12/6/21 22:50,15.31,
12/6/21 22:55,15.26,
12/6/21 23:00,15.19,
12/6/21 23:05,15.17,
12/6/21 23:10,15.13,
12/6/21 23:15,15.13,
12/6/21 23:20,15.09,
12/6/21 23:22,,In
12/6/21 23:22,,Out
12/6/21 23:25,14.96,
12/6/21 23:30,14.58,
12/6/21 23:33,,In
12/6/21 23:34,,Out
12/6/21 23:35,14.52,
12/6/21 23:36,,In
12/6/21 23:37,,Out
12/6/21 23:37,,In
12/6/21 23:38,,Out
12/6/21 23:40,14.34,
12/6/21 23:40,,In
12/6/21 23:44,,Out
12/6/21 23:45,14.27,
12/6/21 23:47,,In
12/6/21 23:48,,Out
12/6/21 23:49,,In
12/6/21 23:49,,Out
12/6/21 23:50,14.3,
12/6/21 23:55,14.22,
12/6/21 23:59,,In
12/6/21 23:59,,Out
12/7/21 0:00,14.23,
12/7/21 0:05,14.13,
12/7/21 0:10,14.04,
12/7/21 0:15,14.04,
12/7/21 0:20,14.09,
12/7/21 0:23,,In
12/7/21 0:23,,Out
12/7/21 0:25,14.2,
12/7/21 0:30,14.14,
12/7/21 0:35,14.21,
12/7/21 0:40,14.3,
12/7/21 0:45,14.23,
12/7/21 0:50,14.14,
12/7/21 0:55,14.17,
12/7/21 1:00,14.17,
12/7/21 1:05,14.2,
12/7/21 1:10,14.14,
12/7/21 1:15,14.18,
12/7/21 1:20,14.22,
12/7/21 1:25,14.38,
12/7/21 1:30,14.47,
12/7/21 1:35,14.52,
12/7/21 1:40,14.44,
12/7/21 1:45,14.5,
12/7/21 1:50,14.43,
12/7/21 1:55,14.48,
12/7/21 2:00,14.47,
12/7/21 2:05,14.48,
12/7/21 2:10,14.51,
12/7/21 2:15,14.55,
12/7/21 2:20,14.59,
12/7/21 2:25,14.56,
12/7/21 2:30,14.55,
12/7/21 2:35,14.55,
12/7/21 2:40,14.59,
12/7/21 2:45,14.59,
12/7/21 2:50,14.64,
12/7/21 2:55,14.64,
12/7/21 3:00,14.62,
12/7/21 3:05,14.62,
12/7/21 3:10,14.65,
12/7/21 3:15,14.67,
12/7/21 3:20,14.64,
12/7/21 3:25,14.62,
12/7/21 3:30,14.64,
12/7/21 3:35,14.65,
12/7/21 3:40,14.66,
12/7/21 3:45,14.64,
12/7/21 3:50,14.65,
12/7/21 3:55,14.62,
12/7/21 4:00,14.62,
12/7/21 4:05,14.57,
12/7/21 4:10,14.5,
12/7/21 4:15,14.47,
12/7/21 4:20,14.47,
12/7/21 4:25,14.48,
12/7/21 4:30,14.53,
12/7/21 4:35,14.48,
12/7/21 4:40,14.47,
12/7/21 4:45,14.48,
12/7/21 4:50,14.48,
12/7/21 4:55,14.51,
12/7/21 5:00,14.58,
12/7/21 5:05,14.53,
12/7/21 5:10,14.51,
12/7/21 5:15,14.5,
12/7/21 5:20,14.47,
12/7/21 5:25,14.48,
12/7/21 5:30,14.45,
12/7/21 5:35,14.45,
12/7/21 5:40,14.43,
12/7/21 5:45,14.44,
12/7/21 5:50,14.36,
12/7/21 5:55,14.24,
12/7/21 6:00,14.12,
12/7/21 6:05,14.03,
12/7/21 6:10,13.94,
12/7/21 6:15,13.92,
12/7/21 6:20,13.89,
12/7/21 6:25,13.84,
12/7/21 6:30,13.86,
12/7/21 6:35,13.86,
12/7/21 6:40,13.88,
12/7/21 6:45,13.93,
12/7/21 6:50,14.06,
12/7/21 6:55,14.11,
12/7/21 7:00,14.14,
12/7/21 7:02,,In
12/7/21 7:02,,Out
12/7/21 7:03,,In
12/7/21 7:03,,Out
12/7/21 7:05,14.43,
12/7/21 7:05,,In
12/7/21 7:05,,Out
12/7/21 7:07,,In
12/7/21 7:09,,Out
12/7/21 7:09,,In
12/7/21 7:10,14.73,
12/7/21 7:10,,Out
12/7/21 7:10,,In
12/7/21 7:11,,Out
12/7/21 7:12,,In
12/7/21 7:12,,Out
12/7/21 7:13,,In
12/7/21 7:13,,Out
12/7/21 7:14,,In
12/7/21 7:14,,Out
12/7/21 7:14,,In
12/7/21 7:15,15,
12/7/21 7:15,,Out
12/7/21 7:15,,In
12/7/21 7:16,,Out
12/7/21 7:17,,In
12/7/21 7:18,,Out
12/7/21 7:20,14.97,
12/7/21 7:21,,In
12/7/21 7:21,,Out
12/7/21 7:23,,In
12/7/21 7:23,,Out
12/7/21 7:24,,In
12/7/21 7:24,,Out
12/7/21 7:25,15.16,
12/7/21 7:25,,In
12/7/21 7:25,,Out
12/7/21 7:26,,In
12/7/21 7:26,,Out
12/7/21 7:27,,In
12/7/21 7:27,,Out
12/7/21 7:27,,In
12/7/21 7:28,,Out
12/7/21 7:28,,In
12/7/21 7:29,,Out
12/7/21 7:29,,In
12/7/21 7:30,15.45,
12/7/21 7:31,,Out
12/7/21 7:31,,In
12/7/21 7:32,,Out
12/7/21 7:32,,In
12/7/21 7:33,,Out
12/7/21 7:34,,In
12/7/21 7:34,,Out
12/7/21 7:35,15.71,
12/7/21 7:35,,In
12/7/21 7:36,,Out
12/7/21 7:37,,In
12/7/21 7:37,,Out
12/7/21 7:38,,In
12/7/21 7:38,,Out
12/7/21 7:39,,In
12/7/21 7:39,,Out
12/7/21 7:39,,In
12/7/21 7:40,15.77,Out
12/7/21 7:40,,In
12/7/21 7:40,,Out
12/7/21 7:40,,In
12/7/21 7:41,,Out
12/7/21 7:41,,In
12/7/21 7:41,,Out
12/7/21 7:42,,In
12/7/21 7:42,,Out
12/7/21 7:43,,In
12/7/21 7:43,,Out
12/7/21 7:43,,In
12/7/21 7:44,,Out
12/7/21 7:45,15.91,
12/7/21 7:45,,In
12/7/21 7:45,,Out
12/7/21 7:46,,In
12/7/21 7:47,,Out
12/7/21 7:47,,In
12/7/21 7:48,,Out
12/7/21 7:48,,In
12/7/21 7:50,16.08,
12/7/21 7:51,,Out
12/7/21 7:51,,In
12/7/21 7:51,,Out
12/7/21 7:52,,In
12/7/21 7:52,,Out
12/7/21 7:53,,In
12/7/21 7:54,,Out
12/7/21 7:54,,In
12/7/21 7:55,16.13,
12/7/21 8:00,16.26,
12/7/21 8:05,16.3,
12/7/21 8:10,16.41,
12/7/21 8:15,16.45,
12/7/21 8:20,16.47,
12/7/21 8:25,16.48,
12/7/21 8:30,16.51,
12/7/21 8:35,16.55,
12/7/21 8:40,16.59,
12/7/21 8:45,16.61,
12/7/21 8:50,16.61,
12/7/21 8:55,16.65,
12/7/21 9:00,16.63,
12/7/21 9:05,16.66,
12/7/21 9:10,16.67,
12/7/21 9:15,16.65,
12/7/21 9:20,16.72,
12/7/21 9:25,16.7,
12/7/21 9:30,16.67,
12/7/21 9:35,16.71,
12/7/21 9:40,16.75,
12/7/21 9:45,16.73,
12/7/21 9:50,16.71,
12/7/21 9:55,16.71,
12/7/21 10:00,16.72,
12/7/21 10:05,16.74,
12/7/21 10:10,16.72,
12/7/21 10:15,16.79,
12/7/21 10:20,16.75,
12/7/21 10:25,16.79,
12/7/21 10:30,16.79,
12/7/21 10:35,16.75,
12/7/21 10:40,16.73,
12/7/21 10:45,16.72,
12/7/21 10:50,16.73,
12/7/21 10:55,16.73,
12/7/21 11:00,16.75,
12/7/21 11:05,16.77,
12/7/21 11:10,16.71,
12/7/21 11:15,16.75,
12/7/21 11:20,16.73,
12/7/21 11:25,16.73,
12/7/21 11:30,16.76,
12/7/21 11:35,16.86,
12/7/21 11:40,16.87,
12/7/21 11:45,16.86,
12/7/21 11:50,16.94,
12/7/21 11:55,16.88,
12/7/21 12:00,16.94,
12/7/21 12:05,16.99,
12/7/21 12:10,17.38,
12/7/21 12:15,17.24,
12/7/21 12:20,17.25,
12/7/21 12:25,17.45,
12/7/21 12:30,17.76,
12/7/21 12:35,17.83,
12/7/21 12:40,19.55,
12/7/21 12:45,20.4,
12/7/21 12:50,18.97,
12/7/21 12:55,18.2,
12/7/21 13:00,17.61,
12/7/21 13:03,,Out
12/7/21 13:03,,In
12/7/21 13:05,17.28,
12/7/21 13:10,17.04,
12/7/21 13:15,17.02,
12/7/21 13:15,,Out
12/7/21 13:15,,In
12/7/21 13:20,16.96,
12/7/21 13:20,,Out
12/7/21 13:20,,In
12/7/21 13:21,,Out
12/7/21 13:21,,In
12/7/21 13:22,,Out
12/7/21 13:24,,In
12/7/21 13:25,16.88,
12/7/21 13:25,,Out
12/7/21 13:25,,In
12/7/21 13:26,,Out
12/7/21 13:29,,In
12/7/21 13:29,,Out
12/7/21 13:30,16.77,In
12/7/21 13:30,,Out
12/7/21 13:31,,In
12/7/21 13:32,,Out
12/7/21 13:35,16.67,
12/7/21 13:40,16.55,
12/7/21 13:43,,In
12/7/21 13:44,,Out
12/7/21 13:45,16.54,
12/7/21 13:50,16.63,
12/7/21 13:55,16.9,
12/7/21 14:00,17.16,
12/7/21 14:05,17.33,
12/7/21 14:10,17.38,
12/7/21 14:15,17.55,
12/7/21 14:20,17.77,
12/7/21 14:25,17.77,
12/7/21 14:30,17.8,
12/7/21 14:35,17.6,
12/7/21 14:40,17.66,
12/7/21 14:45,17.82,
12/7/21 14:50,17.89,
12/7/21 14:55,17.77,
12/7/21 15:00,17.51,
12/7/21 15:05,17.31,
12/7/21 15:10,17.13,
12/7/21 15:15,17.03,
12/7/21 15:20,17,
12/7/21 15:25,17.01,
12/7/21 15:30,17.07,
12/7/21 15:35,17.1,
12/7/21 15:40,17.03,
12/7/21 15:45,16.89,
12/7/21 15:50,16.8,
12/7/21 15:55,16.69,
12/7/21 16:00,16.57,
12/7/21 16:05,16.41,
12/7/21 16:10,16.3,
12/7/21 16:15,16.2,
12/7/21 16:20,16.03,
12/7/21 16:25,15.83,
12/7/21 16:30,15.65,
12/7/21 16:35,15.45,
12/7/21 16:40,15.24,
12/7/21 16:45,15.06,
12/7/21 16:50,14.86,
12/7/21 16:55,14.67,
12/7/21 17:00,14.56,
12/7/21 17:05,14.45,
12/7/21 17:10,14.35,
12/7/21 17:15,14.28,
12/7/21 17:20,14.23,
12/7/21 17:25,14.14,
12/7/21 17:30,14.12,
12/7/21 17:35,14.14,
12/7/21 17:40,14.1,
12/7/21 17:45,13.99,
12/7/21 17:50,13.96,
12/7/21 17:55,13.97,
12/7/21 18:00,13.93,
12/7/21 18:05,13.85,
12/7/21 18:10,13.81,
12/7/21 18:15,13.76,
12/7/21 18:20,13.74,
12/7/21 18:25,13.71,
12/7/21 18:30,13.65,
12/7/21 18:35,13.6,
12/7/21 18:40,13.6,
12/7/21 18:45,13.5,
12/7/21 18:50,13.38,
12/7/21 18:55,13.3,
12/7/21 19:00,13.32,
12/7/21 19:05,13.35,
12/7/21 19:10,13.37,
12/7/21 19:15,13.33,
12/7/21 19:20,13.24,
12/7/21 19:25,13.21,
12/7/21 19:30,13.15,
12/7/21 19:35,13.11,
12/7/21 19:40,13.1,
12/7/21 19:45,13.1,
12/7/21 19:50,13.08,
12/7/21 19:55,13.01,
12/7/21 20:00,12.99,
12/7/21 20:05,13.02,
12/7/21 20:10,13.04,
12/7/21 20:15,13.06,
12/7/21 20:20,12.99,
12/7/21 20:25,12.94,
12/7/21 20:30,12.87,
12/7/21 20:35,12.79,
12/7/21 20:40,12.84,
12/7/21 20:45,12.8,
12/7/21 20:50,12.79,
12/7/21 20:55,12.8,
12/7/21 21:00,12.73,
12/7/21 21:05,12.74,
12/7/21 21:10,12.7,
12/7/21 21:15,12.67,
12/7/21 21:20,12.61,
12/7/21 21:25,12.53,
12/7/21 21:30,12.66,
12/7/21 21:35,12.88,
12/7/21 21:40,12.95,
12/7/21 21:45,13,
12/7/21 21:50,12.95,
12/7/21 21:55,12.81,
12/7/21 22:00,12.65,
12/7/21 22:05,12.58,
12/7/21 22:10,12.51,
12/7/21 22:15,12.44,
12/7/21 22:20,12.35,
12/7/21 22:25,12.33,
12/7/21 22:30,12.3,
12/7/21 22:35,12.26,
12/7/21 22:40,12.26,
12/7/21 22:45,12.23,
12/7/21 22:50,12.19,
12/7/21 22:55,12.15,
12/7/21 23:00,12.06,
12/7/21 23:05,12.05,
12/7/21 23:10,12.08,
12/7/21 23:15,12.04,
12/7/21 23:20,12.05,
12/7/21 23:25,12.11,
12/7/21 23:30,12.08,
12/7/21 23:35,12.05,
12/7/21 23:40,12.1,
12/7/21 23:45,12.11,
12/7/21 23:50,12.03,
12/7/21 23:55,11.83,
12/8/21 0:00,11.76,
12/8/21 0:05,11.89,
12/8/21 0:10,11.93,
12/8/21 0:15,11.97,
12/8/21 0:20,11.97,
12/8/21 0:25,11.99,
12/8/21 0:30,11.83,
12/8/21 0:35,11.84,
12/8/21 0:40,11.81,
12/8/21 0:45,11.83,
12/8/21 0:50,11.79,
12/8/21 0:55,11.74,
12/8/21 1:00,11.67,
12/8/21 1:05,11.67,
12/8/21 1:10,11.63,
12/8/21 1:15,11.63,
12/8/21 1:20,11.61,
12/8/21 1:25,11.56,
12/8/21 1:30,11.63,
12/8/21 1:35,11.63,
12/8/21 1:40,11.6,
12/8/21 1:45,11.77,
12/8/21 1:50,11.71,
12/8/21 1:55,11.82,
12/8/21 2:00,11.73,
12/8/21 2:05,11.69,
12/8/21 2:10,11.68,
12/8/21 2:15,11.7,
12/8/21 2:20,11.87,
12/8/21 2:25,11.97,
12/8/21 2:30,11.97,
12/8/21 2:35,11.99,
12/8/21 2:40,11.94,
12/8/21 2:45,11.93,
12/8/21 2:50,11.91,
12/8/21 2:55,11.89,
12/8/21 3:00,11.79,
12/8/21 3:05,11.75,
12/8/21 3:10,11.73,
12/8/21 3:15,11.58,
12/8/21 3:20,11.52,
12/8/21 3:25,11.54,
12/8/21 3:30,11.58,
12/8/21 3:35,11.57,
12/8/21 3:40,11.57,
12/8/21 3:45,11.54,
12/8/21 3:50,11.48,
12/8/21 3:55,11.49,
12/8/21 4:00,11.48,
12/8/21 4:05,11.37,
12/8/21 4:10,11.36,
12/8/21 4:15,11.31,
12/8/21 4:20,11.29,
12/8/21 4:25,11.26,
12/8/21 4:30,11.19,
12/8/21 4:35,11.14,
12/8/21 4:40,11.12,
12/8/21 4:45,11.08,
12/8/21 4:50,11.01,
12/8/21 4:55,10.93,
12/8/21 5:00,10.92,
12/8/21 5:05,10.87,
12/8/21 5:10,10.89,
12/8/21 5:15,10.92,
12/8/21 5:20,10.88,
12/8/21 5:25,10.88,
12/8/21 5:30,10.86,
12/8/21 5:35,10.87,
12/8/21 5:40,10.82,
12/8/21 5:45,10.84,
12/8/21 5:50,10.88,
12/8/21 5:55,10.99,
12/8/21 6:00,11.04,
12/8/21 6:05,10.93,
12/8/21 6:10,10.82,
12/8/21 6:15,10.79,
12/8/21 6:20,10.81,
12/8/21 6:25,10.89,
12/8/21 6:30,10.86,
12/8/21 6:35,10.86,
12/8/21 6:40,10.9,
12/8/21 6:45,11.02,
12/8/21 6:50,11.09,
12/8/21 6:55,11.13,
12/8/21 7:00,11.23,
12/8/21 7:05,11.29,
12/8/21 7:10,11.34,
12/8/21 7:15,11.44,
12/8/21 7:20,11.58,
12/8/21 7:25,11.68,
12/8/21 7:30,11.73,
12/8/21 7:35,11.94,
12/8/21 7:40,12.14,
12/8/21 7:45,13.03,
12/8/21 7:50,14.38,
12/8/21 7:55,15.68,
12/8/21 8:00,16.91,
12/8/21 8:05,18.05,
12/8/21 8:10,18.88,
12/8/21 8:14,,In
12/8/21 8:14,,Out
12/8/21 8:15,19.24,
12/8/21 8:17,,In
12/8/21 8:18,,Out
12/8/21 8:19,,In
12/8/21 8:20,18.99,Out
12/8/21 8:20,,In
12/8/21 8:20,,Out
12/8/21 8:25,19.52,
12/8/21 8:26,,In
12/8/21 8:26,,Out
12/8/21 8:27,,In
12/8/21 8:28,,Out
12/8/21 8:29,,In
12/8/21 8:29,,Out
12/8/21 8:30,19.96,
12/8/21 8:30,,In
12/8/21 8:31,,Out
12/8/21 8:33,,In
12/8/21 8:34,,Out
12/8/21 8:35,20.54,
12/8/21 8:37,,In
12/8/21 8:38,,Out
12/8/21 8:38,,In
12/8/21 8:40,20.6,
12/8/21 8:40,,Out
12/8/21 8:41,,In
12/8/21 8:41,,Out
12/8/21 8:42,,In
12/8/21 8:42,,Out
12/8/21 8:43,,In
12/8/21 8:43,,Out
12/8/21 8:43,,In
12/8/21 8:44,,Out
12/8/21 8:44,,In
12/8/21 8:45,20.25,
12/8/21 8:45,,Out
12/8/21 8:46,,In
12/8/21 8:46,,Out
12/8/21 8:47,,In
12/8/21 8:47,,Out
12/8/21 8:47,,In
12/8/21 8:47,,Out
12/8/21 8:48,,In
12/8/21 8:49,,Out
12/8/21 8:50,20.2,
12/8/21 8:50,,In
12/8/21 8:50,,Out
12/8/21 8:51,,In
12/8/21 8:52,,Out
12/8/21 8:53,,In
12/8/21 8:53,,Out
12/8/21 8:53,,In
12/8/21 8:55,20.2,
12/8/21 8:55,,Out
12/8/21 8:55,,In
12/8/21 8:56,,Out
12/8/21 8:56,,In
12/8/21 8:57,,Out
12/8/21 8:57,,In
12/8/21 8:57,,Out
12/8/21 8:57,,In
12/8/21 9:00,20.28,Out
12/8/21 9:00,,In
12/8/21 9:00,,Out
12/8/21 9:00,,In
12/8/21 9:01,,Out
12/8/21 9:01,,In
12/8/21 9:02,,Out
12/8/21 9:02,,In
12/8/21 9:02,,Out
12/8/21 9:03,,In
12/8/21 9:04,,Out
12/8/21 9:04,,In
12/8/21 9:05,20.48,
12/8/21 9:05,,Out
12/8/21 9:05,,In
12/8/21 9:06,,Out
12/8/21 9:06,,In
12/8/21 9:06,,Out
12/8/21 9:07,,In
12/8/21 9:09,,Out
12/8/21 9:10,20.59,
12/8/21 9:10,,In
12/8/21 9:11,,Out
12/8/21 9:12,,In
12/8/21 9:15,20.51,
12/8/21 9:15,,Out
12/8/21 9:15,,In
12/8/21 9:19,,Out
12/8/21 9:19,,In
12/8/21 9:20,20.48,
12/8/21 9:25,20.58,
12/8/21 9:30,19.28,
12/8/21 9:35,20.39,
12/8/21 9:40,18.54,
12/8/21 9:45,19.71,
12/8/21 9:50,19.86,
12/8/21 9:55,19.28,
12/8/21 10:00,19.8,
12/8/21 10:05,20.47,
12/8/21 10:10,19.92,
12/8/21 10:15,18.26,
12/8/21 10:20,17.5,
12/8/21 10:25,17.25,
12/8/21 10:30,17.38,
12/8/21 10:35,17.54,
12/8/21 10:40,18.3,
12/8/21 10:45,18.66,
12/8/21 10:50,18.83,
12/8/21 10:55,18.4,
12/8/21 11:00,18.74,
12/8/21 11:05,18.58,
12/8/21 11:10,18.63,
12/8/21 11:15,18.56,
12/8/21 11:20,18.59,
12/8/21 11:25,18.48,
12/8/21 11:30,18.33,
12/8/21 11:35,18.56,
12/8/21 11:40,18.68,
12/8/21 11:45,18.58,
12/8/21 11:50,18.83,
12/8/21 11:55,18.61,
12/8/21 12:00,18.91,
12/8/21 12:05,19.02,
12/8/21 12:10,18.95,
12/8/21 12:15,19.2,
12/8/21 12:20,19.14,
12/8/21 12:25,19.36,
12/8/21 12:30,19.38,
12/8/21 12:35,19.52,
12/8/21 12:40,19.62,
12/8/21 12:45,19.11,
12/8/21 12:50,19.99,
12/8/21 12:55,20.14,
12/8/21 13:00,20.16,
12/8/21 13:05,20.1,
12/8/21 13:10,20.12,
12/8/21 13:15,20.32,
12/8/21 13:20,20.53,
12/8/21 13:25,20.57,
12/8/21 13:30,20.57,
12/8/21 13:35,20.64,
12/8/21 13:40,20.81,
12/8/21 13:42,,Out
12/8/21 13:42,,In
12/8/21 13:44,,Out
12/8/21 13:45,20.94,
12/8/21 13:45,,In
12/8/21 13:47,,Out
12/8/21 13:47,,In
12/8/21 13:48,,Out
12/8/21 13:48,,In
12/8/21 13:49,,Out
12/8/21 13:49,,In
12/8/21 13:50,20.25,
12/8/21 13:51,,Out
12/8/21 13:51,,In
12/8/21 13:53,,Out
12/8/21 13:53,,In
12/8/21 13:53,,Out
12/8/21 13:54,,In
12/8/21 13:55,20.11,
12/8/21 13:55,,Out
12/8/21 13:56,,In
12/8/21 13:57,,Out
12/8/21 13:57,,In
12/8/21 13:58,,Out
12/8/21 14:00,20.45,
12/8/21 14:01,,In
12/8/21 14:01,,Out
12/8/21 14:02,,In
12/8/21 14:02,,Out
12/8/21 14:04,,In
12/8/21 14:04,,Out
12/8/21 14:04,,In
12/8/21 14:05,21.64,
12/8/21 14:05,,Out
12/8/21 14:06,,In
12/8/21 14:06,,Out
12/8/21 14:07,,In
12/8/21 14:07,,Out
12/8/21 14:07,,In
12/8/21 14:08,,Out
12/8/21 14:10,21.94,
12/8/21 14:15,21.28,
12/8/21 14:20,20.83,
12/8/21 14:25,20.75,
12/8/21 14:30,20.07,
12/8/21 14:35,19.44,
12/8/21 14:40,18.97,
12/8/21 14:45,19.87,
12/8/21 14:50,21.77,
12/8/21 14:55,22.92,
12/8/21 15:00,23.61,
12/8/21 15:05,23.95,
12/8/21 15:10,24.04,
12/8/21 15:15,23.92,
12/8/21 15:20,23.73,
12/8/21 15:25,23.28,
12/8/21 15:30,22.71,
12/8/21 15:35,22.13,
12/8/21 15:40,22.18,
12/8/21 15:45,22.18,
12/8/21 15:50,21.97,
12/8/21 15:55,21.11,
12/8/21 16:00,19.8,
12/8/21 16:05,18.89,
12/8/21 16:10,18.27,
12/8/21 16:15,17.77,
12/8/21 16:20,17.49,
12/8/21 16:25,17.34,
12/8/21 16:30,17.1,
12/8/21 16:35,16.98,
12/8/21 16:40,16.85,
12/8/21 16:45,16.67,
12/8/21 16:50,16.61,
12/8/21 16:55,16.46,
12/8/21 17:00,16.16,
12/8/21 17:05,15.99,
12/8/21 17:10,15.9,
12/8/21 17:15,15.9,
12/8/21 17:20,15.85,
12/8/21 17:25,15.82,
12/8/21 17:30,15.75,
12/8/21 17:35,15.67,
12/8/21 17:40,15.56,
12/8/21 17:45,15.51,
12/8/21 17:50,15.37,
12/8/21 17:55,15.26,
12/8/21 18:00,15.15,
12/8/21 18:05,15.1,
12/8/21 18:10,15.04,
12/8/21 18:15,15.04,
12/8/21 18:20,15.01,
12/8/21 18:25,15.1,
12/8/21 18:30,15.13,
12/8/21 18:35,15.18,
12/8/21 18:40,15.24,
12/8/21 18:45,15.31,
12/8/21 18:50,15.36,
12/8/21 18:55,15.34,
12/8/21 19:00,15.34,
12/8/21 19:05,15.3,
12/8/21 19:10,15.29,
12/8/21 19:15,15.27,
12/8/21 19:20,15.26,
12/8/21 19:25,15.15,
12/8/21 19:30,15,
12/8/21 19:35,15.04,
12/8/21 19:40,15.07,
12/8/21 19:45,15.12,
12/8/21 19:50,15.18,
12/8/21 19:55,15.19,
12/8/21 20:00,15.23,
12/8/21 20:05,15.27,
12/8/21 20:10,15.28,
12/8/21 20:15,15.22,
12/8/21 20:20,15.22,
12/8/21 20:25,15.26,
12/8/21 20:30,15.29,
12/8/21 20:35,15.32,
12/8/21 20:40,15.31,
12/8/21 20:45,15.31,
12/8/21 20:50,15.29,
12/8/21 20:55,15.26,
12/8/21 21:00,15.25,
12/8/21 21:05,15.21,
12/8/21 21:10,15.15,
12/8/21 21:15,15.13,
12/8/21 21:20,15.11,
12/8/21 21:25,15.12,
12/8/21 21:30,15.1,
12/8/21 21:35,15.11,
12/8/21 21:40,15.09,
12/8/21 21:45,15.02,
12/8/21 21:50,15.03,
12/8/21 21:55,15.04,
12/8/21 22:00,15.02,
12/8/21 22:05,15.03,
12/8/21 22:10,15,
12/8/21 22:15,15,
12/8/21 22:20,15.02,
12/8/21 22:25,15.04,
12/8/21 22:30,15.04,
12/8/21 22:35,15.04,
12/8/21 22:40,15.03,
12/8/21 22:45,15.01,
12/8/21 22:50,15,
12/8/21 22:55,15,
12/8/21 23:00,15,
12/8/21 23:05,15,
12/8/21 23:10,14.98,
12/8/21 23:15,14.99,
12/8/21 23:20,14.98,
12/8/21 23:25,15.02,
12/8/21 23:30,15,
12/8/21 23:35,15.02,
12/8/21 23:40,14.98,
12/8/21 23:45,14.98,
12/8/21 23:50,14.97,
12/8/21 23:55,14.97,
12/9/21 0:00,14.96,
12/9/21 0:05,14.96,
12/9/21 0:10,14.94,
12/9/21 0:15,14.91,
12/9/21 0:20,14.84,
12/9/21 0:25,14.77,
12/9/21 0:30,14.79,
12/9/21 0:35,14.77,
12/9/21 0:40,14.73,
12/9/21 0:45,14.69,
12/9/21 0:50,14.69,
12/9/21 0:55,14.67,
12/9/21 0:56,,In
12/9/21 0:56,,Out
12/9/21 1:00,14.57,
12/9/21 1:00,,In
12/9/21 1:01,,Out
12/9/21 1:05,14.5,
12/9/21 1:10,14.42,
12/9/21 1:15,14.39,
12/9/21 1:20,14.38,
12/9/21 1:25,14.38,
12/9/21 1:30,14.37,
12/9/21 1:30,,In
12/9/21 1:31,,Out
12/9/21 1:34,,In
12/9/21 1:34,,Out
12/9/21 1:35,14.49,
12/9/21 1:37,,In
12/9/21 1:38,,Out
12/9/21 1:39,,In
12/9/21 1:40,14.66,
12/9/21 1:40,,Out
12/9/21 1:45,14.65,
12/9/21 1:45,,In
12/9/21 1:45,,Out
12/9/21 1:50,14.66,
12/9/21 1:55,14.55,
12/9/21 1:55,,In
12/9/21 1:55,,Out
12/9/21 1:58,,In
12/9/21 1:58,,Out
12/9/21 1:59,,In
12/9/21 2:00,14.75,
12/9/21 2:00,,Out
12/9/21 2:01,,In
12/9/21 2:01,,Out
12/9/21 2:02,,In
12/9/21 2:02,,Out
12/9/21 2:05,14.8,
12/9/21 2:10,14.66,
12/9/21 2:11,,In
12/9/21 2:11,,Out
12/9/21 2:12,,In
12/9/21 2:12,,Out
12/9/21 2:14,,In
12/9/21 2:14,,Out
12/9/21 2:15,14.81,
12/9/21 2:20,14.71,
12/9/21 2:22,,In
12/9/21 2:22,,Out
12/9/21 2:23,,In
12/9/21 2:24,,Out
12/9/21 2:25,14.81,
12/9/21 2:26,,In
12/9/21 2:26,,Out
12/9/21 2:29,,In
12/9/21 2:30,14.84,
12/9/21 2:30,,Out
12/9/21 2:30,,In
12/9/21 2:31,,Out
12/9/21 2:34,,In
12/9/21 2:34,,Out
12/9/21 2:35,14.95,
12/9/21 2:40,14.84,
12/9/21 2:45,14.78,
12/9/21 2:50,14.7,In
12/9/21 2:50,,Out
12/9/21 2:52,,In
12/9/21 2:52,,Out
12/9/21 2:55,14.75,
12/9/21 2:55,,In
12/9/21 2:56,,Out
12/9/21 3:00,14.77,
12/9/21 3:01,,In
12/9/21 3:01,,Out
12/9/21 3:05,14.7,
12/9/21 3:10,14.63,
12/9/21 3:11,,In
12/9/21 3:11,,Out
12/9/21 3:15,14.51,In
12/9/21 3:15,,Out
12/9/21 3:20,14.51,
12/9/21 3:25,14.36,
12/9/21 3:26,,In
12/9/21 3:26,,Out
12/9/21 3:28,,In
12/9/21 3:28,,Out
12/9/21 3:30,14.38,
12/9/21 3:35,14.34,
12/9/21 3:37,,In
12/9/21 3:37,,Out
12/9/21 3:40,14.37,
12/9/21 3:45,14.29,
12/9/21 3:50,14.28,
12/9/21 3:55,14.27,
12/9/21 4:00,14.24,
12/9/21 4:03,,In
12/9/21 4:03,,Out
12/9/21 4:05,14.45,
12/9/21 4:10,14.5,
12/9/21 4:15,14.52,
12/9/21 4:20,14.49,
12/9/21 4:23,,In
12/9/21 4:23,,Out
12/9/21 4:25,14.58,
12/9/21 4:30,14.5,
12/9/21 4:35,14.42,
12/9/21 4:40,14.37,
12/9/21 4:45,14.34,
12/9/21 4:50,14.32,
12/9/21 4:55,14.32,
12/9/21 5:00,14.3,
12/9/21 5:05,14.32,
12/9/21 5:05,,In
12/9/21 5:05,,Out
12/9/21 5:10,14.38,
12/9/21 5:15,14.36,
12/9/21 5:20,14.32,
12/9/21 5:25,14.3,
12/9/21 5:30,14.29,
12/9/21 5:35,14.26,
12/9/21 5:40,14.27,
12/9/21 5:45,14.34,
12/9/21 5:50,14.36,
12/9/21 5:55,14.38,
12/9/21 6:00,14.42,
12/9/21 6:05,14.42,
12/9/21 6:10,14.49,
12/9/21 6:15,14.45,
12/9/21 6:20,14.43,
12/9/21 6:25,14.38,
12/9/21 6:30,14.34,
12/9/21 6:35,14.3,
12/9/21 6:40,14.26,
12/9/21 6:45,14.29,
12/9/21 6:50,14.27,
12/9/21 6:55,14.28,
12/9/21 7:00,14.33,
12/9/21 7:05,14.28,
12/9/21 7:10,14.29,
12/9/21 7:15,14.28,
12/9/21 7:20,14.34,
12/9/21 7:25,14.36,
12/9/21 7:30,14.34,
12/9/21 7:35,14.38,
12/9/21 7:40,14.4,
12/9/21 7:45,14.42,
12/9/21 7:50,14.44,
12/9/21 7:55,14.5,
12/9/21 8:00,14.67,
12/9/21 8:05,14.75,
12/9/21 8:10,14.78,
12/9/21 8:15,14.85,
12/9/21 8:20,14.89,
12/9/21 8:25,14.98,
12/9/21 8:30,14.99,
12/9/21 8:35,15.07,
12/9/21 8:40,15.1,
12/9/21 8:45,15.12,
12/9/21 8:50,15.19,
12/9/21 8:50,,In
12/9/21 8:50,,Out
12/9/21 8:55,15.03,
12/9/21 9:00,14.97,
12/9/21 9:03,,In
12/9/21 9:04,,Out
12/9/21 9:05,14.91,
12/9/21 9:10,14.73,
12/9/21 9:15,14.79,
12/9/21 9:20,14.92,
12/9/21 9:25,15.06,
12/9/21 9:26,,In
12/9/21 9:27,,Out
12/9/21 9:30,15.16,
12/9/21 9:34,,In
12/9/21 9:34,,Out
12/9/21 9:35,15.15,
12/9/21 9:35,,In
12/9/21 9:36,,Out
12/9/21 9:37,,In
12/9/21 9:38,,Out
12/9/21 9:38,,In
12/9/21 9:39,,Out
12/9/21 9:39,,In
12/9/21 9:40,15.38,
12/9/21 9:40,,Out
12/9/21 9:40,,In
12/9/21 9:41,,Out
12/9/21 9:42,,In
12/9/21 9:43,,Out
12/9/21 9:43,,In
12/9/21 9:44,,Out
12/9/21 9:45,15.76,
12/9/21 9:45,,In
12/9/21 9:45,,Out
12/9/21 9:46,,In
12/9/21 9:46,,Out
12/9/21 9:46,,In
12/9/21 9:46,,Out
12/9/21 9:49,,In
12/9/21 9:50,15.81,Out
12/9/21 9:50,,In
12/9/21 9:51,,Out
12/9/21 9:53,,In
12/9/21 9:53,,Out
12/9/21 9:55,16.29,
12/9/21 9:55,,In
12/9/21 9:55,,Out
12/9/21 9:56,,In
12/9/21 9:56,,Out
12/9/21 9:57,,In
12/9/21 9:57,,Out
12/9/21 9:58,,In
12/9/21 9:59,,Out
12/9/21 10:00,16.31,
12/9/21 10:00,,In
12/9/21 10:00,,Out
12/9/21 10:01,,In
12/9/21 10:02,,Out
12/9/21 10:03,,In
12/9/21 10:03,,Out
12/9/21 10:04,,In
12/9/21 10:04,,Out
12/9/21 10:05,16.28,
12/9/21 10:05,,In
12/9/21 10:06,,Out
12/9/21 10:06,,In
12/9/21 10:06,,Out
12/9/21 10:07,,In
12/9/21 10:07,,Out
12/9/21 10:08,,In
12/9/21 10:08,,Out
12/9/21 10:08,,In
12/9/21 10:09,,Out
12/9/21 10:10,16.14,
12/9/21 10:11,,In
12/9/21 10:11,,Out
12/9/21 10:12,,In
12/9/21 10:12,,Out
12/9/21 10:12,,In
12/9/21 10:12,,Out
12/9/21 10:13,,In
12/9/21 10:14,,Out
12/9/21 10:14,,In
12/9/21 10:15,15.88,
12/9/21 10:15,,Out
12/9/21 10:15,,In
12/9/21 10:16,,Out
12/9/21 10:16,,In
12/9/21 10:16,,Out
12/9/21 10:18,,In
12/9/21 10:20,15.87,
12/9/21 10:22,,Out
12/9/21 10:22,,In
12/9/21 10:25,16.02,
12/9/21 10:30,16.03,
12/9/21 10:30,,Out
12/9/21 10:30,,In
12/9/21 10:32,,Out
12/9/21 10:33,,In
12/9/21 10:35,15.95,
12/9/21 10:35,,Out
12/9/21 10:36,,In
12/9/21 10:37,,Out
12/9/21 10:37,,In
12/9/21 10:40,16,
12/9/21 10:45,15.99,
12/9/21 10:50,16.19,
12/9/21 10:55,16.25,
12/9/21 11:00,16.3,
12/9/21 11:05,16.28,
12/9/21 11:10,16.49,
12/9/21 11:15,16.48,
12/9/21 11:20,16.48,
12/9/21 11:25,16.57,
12/9/21 11:30,16.49,
12/9/21 11:35,16.63,
12/9/21 11:40,16.63,
12/9/21 11:45,16.55,
12/9/21 11:50,16.56,
12/9/21 11:55,16.52,
12/9/21 12:00,16.5,
12/9/21 12:05,16.58,
12/9/21 12:10,16.63,
12/9/21 12:15,16.61,
12/9/21 12:20,16.46,
12/9/21 12:25,16.61,
12/9/21 12:30,16.75,
12/9/21 12:35,16.77,
12/9/21 12:40,16.88,
12/9/21 12:45,17.06,
12/9/21 12:50,16.9,
12/9/21 12:55,16.67,
12/9/21 13:00,16.57,
12/9/21 13:05,16.45,
12/9/21 13:10,16.42,
12/9/21 13:15,16.44,
12/9/21 13:20,16.59,
12/9/21 13:25,16.56,
12/9/21 13:30,16.43,
12/9/21 13:35,16.46,
12/9/21 13:40,16.46,
12/9/21 13:45,16.47,
12/9/21 13:50,16.54,
12/9/21 13:55,16.59,
12/9/21 14:00,16.33,
12/9/21 14:05,16.19,
12/9/21 14:10,16.08,
12/9/21 14:15,16.08,
12/9/21 14:20,16.07,
12/9/21 14:24,,Out
12/9/21 14:25,16.16,In
12/9/21 14:30,16.34,
12/9/21 14:35,16.24,
12/9/21 14:35,,Out
12/9/21 14:36,,In
12/9/21 14:40,15.97,
12/9/21 14:40,,Out
12/9/21 14:40,,In
12/9/21 14:45,15.83,
12/9/21 14:46,,Out
12/9/21 14:47,,In
12/9/21 14:48,,Out
12/9/21 14:48,,In
12/9/21 14:50,15.56,
12/9/21 14:54,,Out
12/9/21 14:55,15.42,
12/9/21 14:58,,In
12/9/21 14:59,,Out
12/9/21 14:59,,In
12/9/21 15:00,15.09,
12/9/21 15:01,,Out
12/9/21 15:05,14.89,
12/9/21 15:10,14.78,
12/9/21 15:15,14.74,
12/9/21 15:16,,In
12/9/21 15:17,,Out
12/9/21 15:20,14.85,
12/9/21 15:25,14.96,
12/9/21 15:30,15.84,
12/9/21 15:35,16.11,
12/9/21 15:40,15.62,
12/9/21 15:45,15.23,
12/9/21 15:50,14.92,
12/9/21 15:55,14.74,
12/9/21 16:00,14.65,
12/9/21 16:05,14.59,
12/9/21 16:10,14.56,
12/9/21 16:15,14.45,
12/9/21 16:20,14.36,
12/9/21 16:25,14.36,
12/9/21 16:30,14.25,
12/9/21 16:35,14.12,
12/9/21 16:40,14.07,
12/9/21 16:45,13.89,
12/9/21 16:50,13.73,
12/9/21 16:55,13.63,
12/9/21 17:00,13.59,
12/9/21 17:05,13.53,
12/9/21 17:10,13.55,
12/9/21 17:15,13.55,
12/9/21 17:20,13.53,
12/9/21 17:25,13.55,
12/9/21 17:30,13.61,
12/9/21 17:35,13.67,
12/9/21 17:40,13.6,
12/9/21 17:45,13.65,
12/9/21 17:50,13.63,
12/9/21 17:55,13.58,
12/9/21 18:00,13.6,
12/9/21 18:05,13.59,
12/9/21 18:10,13.63,
12/9/21 18:15,13.67,
12/9/21 18:20,13.66,
12/9/21 18:25,13.77,
12/9/21 18:30,13.8,
12/9/21 18:35,13.77,
12/9/21 18:40,13.65,
12/9/21 18:45,13.63,
12/9/21 18:50,13.63,
12/9/21 18:55,13.63,
12/9/21 19:00,13.55,
12/9/21 19:05,13.61,
12/9/21 19:10,13.56,
12/9/21 19:15,13.56,
12/9/21 19:20,13.61,
12/9/21 19:25,13.6,
12/9/21 19:30,13.55,
12/9/21 19:35,13.6,
12/9/21 19:40,13.61,
12/9/21 19:45,13.6,
12/9/21 19:50,13.66,
12/9/21 19:55,13.65,
12/9/21 20:00,13.64,
12/9/21 20:05,13.63,
12/9/21 20:10,13.61,
12/9/21 20:15,13.56,
12/9/21 20:20,13.5,
12/9/21 20:25,13.52,
12/9/21 20:30,13.55,
12/9/21 20:35,13.43,
12/9/21 20:40,13.41,
12/9/21 20:45,13.3,
12/9/21 20:50,13.31,
12/9/21 20:55,13.33,
12/9/21 21:00,13.32,
12/9/21 21:05,13.3,
12/9/21 21:10,13.32,
12/9/21 21:15,13.29,
12/9/21 21:20,13.26,
12/9/21 21:25,13.15,
12/9/21 21:30,13.03,
12/9/21 21:35,12.9,
12/9/21 21:40,12.9,
12/9/21 21:45,12.82,
12/9/21 21:50,12.75,
12/9/21 21:55,12.64,
12/9/21 22:00,12.45,
12/9/21 22:05,12.35,
12/9/21 22:10,12.26,
12/9/21 22:15,12.26,
12/9/21 22:20,12.14,
12/9/21 22:25,12.11,
12/9/21 22:30,12.14,
12/9/21 22:35,12.08,
12/9/21 22:40,11.98,
12/9/21 22:45,11.91,
12/9/21 22:50,11.89,
12/9/21 22:55,11.87,
12/9/21 23:00,11.91,
12/9/21 23:05,11.92,
12/9/21 23:10,11.86,
12/9/21 23:15,11.92,
12/9/21 23:20,12,
12/9/21 23:25,12.01,
12/9/21 23:30,11.99,
12/9/21 23:35,12,
12/9/21 23:40,12.08,
12/9/21 23:45,12.05,
12/9/21 23:50,12.02,
12/9/21 23:55,12.04,
12/10/21 0:00,11.97,
12/10/21 0:05,11.9,
12/10/21 0:10,11.94,
12/10/21 0:15,11.87,
12/10/21 0:20,11.97,
12/10/21 0:25,11.9,
12/10/21 0:30,12,
12/10/21 0:35,11.97,
12/10/21 0:40,12.03,
12/10/21 0:45,12.03,
12/10/21 0:50,12,
12/10/21 0:55,12.15,
12/10/21 1:00,12.11,
12/10/21 1:03,,In
12/10/21 1:03,,Out
12/10/21 1:05,12.29,
12/10/21 1:06,,In
12/10/21 1:07,,Out
12/10/21 1:10,12.28,
12/10/21 1:15,12.12,
12/10/21 1:18,,In
12/10/21 1:18,,Out
12/10/21 1:20,12.13,
12/10/21 1:20,,In
12/10/21 1:20,,Out
12/10/21 1:21,,In
12/10/21 1:22,,Out
12/10/21 1:25,12.42,
12/10/21 1:27,,In
12/10/21 1:28,,Out
12/10/21 1:29,,In
12/10/21 1:30,12.17,
12/10/21 1:30,,Out
12/10/21 1:35,11.85,
12/10/21 1:35,,In
12/10/21 1:36,,Out
12/10/21 1:38,,In
12/10/21 1:39,,Out
12/10/21 1:39,,In
12/10/21 1:39,,Out
12/10/21 1:40,12.22,
12/10/21 1:44,,In
12/10/21 1:44,,Out
12/10/21 1:45,12.17,
12/10/21 1:46,,In
12/10/21 1:48,,Out
12/10/21 1:48,,In
12/10/21 1:49,,Out
12/10/21 1:49,,In
12/10/21 1:50,12.58,Out
12/10/21 1:50,,In
12/10/21 1:51,,Out
12/10/21 1:52,,In
12/10/21 1:53,,Out
12/10/21 1:53,,In
12/10/21 1:54,,Out
12/10/21 1:55,12.69,
12/10/21 1:55,,In
12/10/21 1:56,,Out
12/10/21 1:56,,In
12/10/21 1:57,,Out
12/10/21 1:57,,In
12/10/21 1:59,,Out
12/10/21 1:59,,In
12/10/21 2:00,13.16,
12/10/21 2:00,,Out
12/10/21 2:00,,In
12/10/21 2:01,,Out
12/10/21 2:02,,In
12/10/21 2:03,,Out
12/10/21 2:03,,In
12/10/21 2:04,,Out
12/10/21 2:05,13.22,
12/10/21 2:05,,In
12/10/21 2:05,,Out
12/10/21 2:06,,In
12/10/21 2:10,13.01,
12/10/21 2:12,,Out
12/10/21 2:12,,In
12/10/21 2:13,,Out
12/10/21 2:14,,In
12/10/21 2:15,13.01,
12/10/21 2:17,,Out
12/10/21 2:17,,In
12/10/21 2:18,,Out
12/10/21 2:19,,In
12/10/21 2:20,13.23,
12/10/21 2:21,,Out
12/10/21 2:21,,In
12/10/21 2:22,,Out
12/10/21 2:22,,In
12/10/21 2:24,,Out
12/10/21 2:24,,In
12/10/21 2:25,13.37,
12/10/21 2:25,,Out
12/10/21 2:25,,In
12/10/21 2:30,13.55,
12/10/21 2:30,,Out
12/10/21 2:30,,In
12/10/21 2:35,13.54,
12/10/21 2:35,,Out
12/10/21 2:35,,In
12/10/21 2:40,13.17,
12/10/21 2:41,,Out
12/10/21 2:42,,In
12/10/21 2:45,13.16,
12/10/21 2:50,13.77,
12/10/21 2:55,13.66,
12/10/21 2:56,,Out
12/10/21 2:56,,In
12/10/21 2:59,,Out
12/10/21 2:59,,In
12/10/21 3:00,13.38,
12/10/21 3:05,13.65,
12/10/21 3:10,13.69,
12/10/21 3:15,13.84,
12/10/21 3:20,13.71,
12/10/21 3:25,13.73,
12/10/21 3:30,14.06,
12/10/21 3:30,,Out
12/10/21 3:30,,In
12/10/21 3:35,14.1,
12/10/21 3:40,13.92,
12/10/21 3:45,14.17,
12/10/21 3:50,14.03,
12/10/21 3:55,13.82,
12/10/21 4:00,13.88,
12/10/21 4:01,,Out
12/10/21 4:01,,In
12/10/21 4:05,14.12,
12/10/21 4:10,14.22,
12/10/21 4:14,,Out
12/10/21 4:14,,In
12/10/21 4:15,13.75,
12/10/21 4:19,,Out
12/10/21 4:19,,In
12/10/21 4:20,13.39,
12/10/21 4:25,13.36,
12/10/21 4:29,,Out
12/10/21 4:30,13.11,
12/10/21 4:30,,In
12/10/21 4:35,13.07,
12/10/21 4:40,13.38,
12/10/21 4:44,,Out
12/10/21 4:44,,In
12/10/21 4:45,13.27,
12/10/21 4:49,,Out
12/10/21 4:49,,In
12/10/21 4:50,13.12,
12/10/21 4:51,,Out
12/10/21 4:51,,In
12/10/21 4:52,,Out
12/10/21 4:52,,In
12/10/21 4:53,,Out
12/10/21 4:53,,In
12/10/21 4:55,12.71,
12/10/21 4:55,,Out
12/10/21 4:55,,In
12/10/21 4:56,,Out
12/10/21 4:56,,In
12/10/21 5:00,12.97,
12/10/21 5:01,,Out
12/10/21 5:02,,In
12/10/21 5:05,12.65,
12/10/21 5:05,,Out
12/10/21 5:05,,In
12/10/21 5:06,,Out
12/10/21 5:07,,In
12/10/21 5:09,,Out
12/10/21 5:10,12,
12/10/21 5:12,,In
12/10/21 5:14,,Out
12/10/21 5:15,11.71,
12/10/21 5:20,11.16,
12/10/21 5:23,,In
12/10/21 5:23,,Out
12/10/21 5:25,11.19,
12/10/21 5:27,,In
12/10/21 5:27,,Out
12/10/21 5:27,,In
12/10/21 5:28,,Out
12/10/21 5:30,11.08,
12/10/21 5:30,,In
12/10/21 5:31,,Out
12/10/21 5:32,,In
12/10/21 5:33,,Out
12/10/21 5:34,,In
12/10/21 5:35,11.17,
12/10/21 5:35,,Out
12/10/21 5:36,,In
12/10/21 5:37,,Out
12/10/21 5:37,,In
12/10/21 5:39,,Out
12/10/21 5:40,11.4,
12/10/21 5:45,11.17,
12/10/21 5:45,,In
12/10/21 5:47,,Out
12/10/21 5:50,11.3,
12/10/21 5:52,,In
12/10/21 5:53,,Out
12/10/21 5:54,,In
12/10/21 5:55,11.12,
12/10/21 5:55,,Out
12/10/21 5:58,,In
12/10/21 6:00,10.55,
12/10/21 6:02,,Out
12/10/21 6:03,,In
12/10/21 6:04,,Out
12/10/21 6:05,10.79,
12/10/21 6:10,10.62,
12/10/21 6:11,,In
12/10/21 6:12,,Out
12/10/21 6:13,,In
12/10/21 6:14,,Out
12/10/21 6:15,10.94,
12/10/21 6:20,10.58,
12/10/21 6:20,,In
12/10/21 6:21,,Out
12/10/21 6:23,,In
12/10/21 6:24,,Out
12/10/21 6:25,10.6,
12/10/21 6:27,,In
12/10/21 6:28,,Out
12/10/21 6:29,,In
12/10/21 6:29,,Out
12/10/21 6:30,10.84,
12/10/21 6:32,,In
12/10/21 6:33,,Out
12/10/21 6:35,10.6,
12/10/21 6:40,10.21,
12/10/21 6:45,9.94,
12/10/21 6:50,9.97,
12/10/21 6:55,9.82,
12/10/21 7:00,9.97,
12/10/21 7:05,9.98,
12/10/21 7:10,10.07,
12/10/21 7:15,10.15,
12/10/21 7:20,10.2,
12/10/21 7:25,10.41,
12/10/21 7:30,10.52,
12/10/21 7:32,,In
12/10/21 7:33,,Out
12/10/21 7:35,10.6,
12/10/21 7:40,10.74,
12/10/21 7:45,11.27,
12/10/21 7:50,12.78,
12/10/21 7:55,14.55,
12/10/21 8:00,15.98,
12/10/21 8:05,16.47,
12/10/21 8:10,16.01,
12/10/21 8:15,16.89,
12/10/21 8:20,18.14,
12/10/21 8:25,18.69,
12/10/21 8:30,19.16,
12/10/21 8:35,19.59,
12/10/21 8:40,18.76,
12/10/21 8:45,17.79,
12/10/21 8:50,17.04,
12/10/21 8:53,,In
12/10/21 8:55,16.64,
12/10/21 9:00,16.16,
12/10/21 9:05,16.52,
12/10/21 9:10,17.37,
12/10/21 9:15,17.94,
12/10/21 9:20,18.93,
12/10/21 9:25,20.56,
12/10/21 9:29,,Out
12/10/21 9:30,21.37,
12/10/21 9:35,22.75,
12/10/21 9:40,23.82,
12/10/21 9:45,25.28,
12/10/21 9:50,26.71,
12/10/21 9:55,27.42,
12/10/21 10:00,27.54,
12/10/21 10:05,28.56,
12/10/21 10:10,28.13,
12/10/21 10:15,25.69,
12/10/21 10:20,24.24,
12/10/21 10:25,24.13,
12/10/21 10:30,23.9,
12/10/21 10:35,25.01,
12/10/21 10:40,25.6,
12/10/21 10:41,,In
12/10/21 10:45,25.81,
12/10/21 10:45,,Out
12/10/21 10:49,,In
12/10/21 10:49,,Out
12/10/21 10:50,24.28,
12/10/21 10:55,23.07,
12/10/21 10:57,,In
12/10/21 10:58,,Out
12/10/21 11:00,21.53,
12/10/21 11:05,20.86,
12/10/21 11:07,,In
12/10/21 11:08,,Out
12/10/21 11:09,,In
12/10/21 11:10,20.06,
12/10/21 11:10,,Out
12/10/21 11:12,,In
12/10/21 11:12,,Out
12/10/21 11:15,18.97,
12/10/21 11:17,,In
12/10/21 11:18,,Out
12/10/21 11:20,18.63,
12/10/21 11:20,,In
12/10/21 11:20,,Out
12/10/21 11:25,18.2,
12/10/21 11:25,,In
12/10/21 11:27,,Out
12/10/21 11:28,,In
12/10/21 11:29,,Out
12/10/21 11:30,17.72,
12/10/21 11:31,,In
12/10/21 11:32,,Out
12/10/21 11:34,,In
12/10/21 11:35,17.29,Out
12/10/21 11:35,,In
12/10/21 11:36,,Out
12/10/21 11:40,16.84,
12/10/21 11:43,,In
12/10/21 11:45,16.78,
12/10/21 11:47,,Out
12/10/21 11:48,,In
12/10/21 11:50,16.77,
12/10/21 11:54,,Out
12/10/21 11:55,16.52,In
12/10/21 11:55,,Out
12/10/21 11:56,,In
12/10/21 11:58,,Out
12/10/21 11:58,,In
12/10/21 11:59,,Out
12/10/21 12:00,16.71,In
12/10/21 12:01,,Out
12/10/21 12:01,,In
12/10/21 12:04,,Out
12/10/21 12:05,17.08,In
12/10/21 12:05,,Out
12/10/21 12:06,,In
12/10/21 12:07,,Out
12/10/21 12:10,17.25,
12/10/21 12:10,,In
12/10/21 12:13,,Out
12/10/21 12:13,,In
12/10/21 12:13,,Out
12/10/21 12:15,16.82,
12/10/21 12:15,,In
12/10/21 12:16,,Out
12/10/21 12:16,,In
12/10/21 12:17,,Out
12/10/21 12:18,,In
12/10/21 12:18,,Out
12/10/21 12:20,16.48,
12/10/21 12:20,,In
12/10/21 12:25,16.04,
12/10/21 12:25,,Out
12/10/21 12:25,,In
12/10/21 12:27,,Out
12/10/21 12:27,,In
12/10/21 12:30,16.73,
12/10/21 12:35,16.92,
12/10/21 12:36,,Out
12/10/21 12:37,,In
12/10/21 12:39,,Out
12/10/21 12:39,,In
12/10/21 12:40,17.33,
12/10/21 12:45,17.34,
12/10/21 12:50,18.86,
12/10/21 12:51,,Out
12/10/21 12:51,,In
12/10/21 12:55,17.8,
12/10/21 13:00,16.54,
12/10/21 13:05,16.17,
12/10/21 13:10,16.12,
12/10/21 13:13,,Out
12/10/21 13:14,,In
12/10/21 13:15,16.18,
12/10/21 13:20,16.28,
12/10/21 13:25,16.2,
12/10/21 13:29,,Out
12/10/21 13:29,,In
12/10/21 13:30,16.86,
12/10/21 13:35,16.26,
12/10/21 13:40,16.01,
12/10/21 13:45,16.91,
12/10/21 13:47,,Out
12/10/21 13:48,,In
12/10/21 13:50,16.8,
12/10/21 13:55,17.94,
12/10/21 14:00,16.71,
12/10/21 14:05,16.52,
12/10/21 14:10,16.13,
12/10/21 14:15,16.04,
12/10/21 14:20,16.08,
12/10/21 14:25,15.83,
12/10/21 14:30,15.9,
12/10/21 14:35,15.92,
12/10/21 14:40,15.81,
12/10/21 14:43,,Out
12/10/21 14:43,,In
12/10/21 14:45,15.65,
12/10/21 14:50,15.55,
12/10/21 14:55,15.53,
12/10/21 15:00,15.32,
12/10/21 15:05,15.15,
12/10/21 15:07,,Out
12/10/21 15:07,,In
12/10/21 15:10,15.13,
12/10/21 15:10,,Out
12/10/21 15:10,,In
12/10/21 15:12,,Out
12/10/21 15:12,,Out
12/10/21 15:12,,In
12/10/21 15:14,,Out
12/10/21 15:14,,In
12/10/21 15:15,16.99,
12/10/21 15:15,,Out
12/10/21 15:15,,In
12/10/21 15:17,,Out
12/10/21 15:17,,In
12/10/21 15:20,17.8,Out
12/10/21 15:20,,In
12/10/21 15:21,,Out
12/10/21 15:23,,In
12/10/21 15:24,,Out
12/10/21 15:25,18.14,
12/10/21 15:26,,In
12/10/21 15:26,,Out
12/10/21 15:28,,In
12/10/21 15:29,,Out
12/10/21 15:30,18.38,
12/10/21 15:30,,In
12/10/21 15:31,,Out
12/10/21 15:33,,In
12/10/21 15:34,,Out
12/10/21 15:35,18.34,
12/10/21 15:35,,In
12/10/21 15:37,,Out
12/10/21 15:38,,In
12/10/21 15:40,18.2,
12/10/21 15:41,,Out
12/10/21 15:41,,In
12/10/21 15:43,,Out
12/10/21 15:44,,In
12/10/21 15:45,17.76,
12/10/21 15:48,,Out
12/10/21 15:49,,In
12/10/21 15:50,17.39,
12/10/21 15:50,,Out
12/10/21 15:50,,In
12/10/21 15:52,,Out
12/10/21 15:52,,In
12/10/21 15:54,,Out
12/10/21 15:55,16.87,
12/10/21 15:56,,In
12/10/21 15:56,,Out
12/10/21 15:58,,In
12/10/21 15:59,,Out
12/10/21 16:00,15.86,
12/10/21 16:00,,In
12/10/21 16:01,,Out
12/10/21 16:03,,In
12/10/21 16:04,,Out
12/10/21 16:05,15.24,
12/10/21 16:05,,In
12/10/21 16:06,,Out
12/10/21 16:09,,In
12/10/21 16:09,,Out
12/10/21 16:10,14.78,
12/10/21 16:11,,In
12/10/21 16:13,,Out
12/10/21 16:14,,In
12/10/21 16:15,14.53,
12/10/21 16:15,,Out
12/10/21 16:15,,In
12/10/21 16:16,,Out
12/10/21 16:17,,In
12/10/21 16:18,,Out
12/10/21 16:20,14.25,
12/10/21 16:25,14.07,
12/10/21 16:30,13.97,
12/10/21 16:31,,In
12/10/21 16:34,,Out
12/10/21 16:35,13.56,
12/10/21 16:35,,In
12/10/21 16:36,,Out
12/10/21 16:36,,In
12/10/21 16:37,,Out
12/10/21 16:40,13.44,
12/10/21 16:41,,In
12/10/21 16:41,,Out
12/10/21 16:45,13.01,
12/10/21 16:50,12.5,
12/10/21 16:55,12.28,
12/10/21 17:00,12.06,
12/10/21 17:05,11.86,
12/10/21 17:10,11.67,
12/10/21 17:15,11.6,
12/10/21 17:20,11.48,
12/10/21 17:25,11.4,
12/10/21 17:30,11.24,
12/10/21 17:35,11.2,
12/10/21 17:40,11.2,
12/10/21 17:45,11.13,
12/10/21 17:50,11.04,
12/10/21 17:55,11,
12/10/21 18:00,10.96,
12/10/21 18:05,10.97,
12/10/21 18:10,10.95,
12/10/21 18:15,10.9,
12/10/21 18:20,10.85,
12/10/21 18:25,10.77,
12/10/21 18:30,10.69,
12/10/21 18:35,10.65,
12/10/21 18:40,10.56,
12/10/21 18:45,10.59,
12/10/21 18:50,10.56,
12/10/21 18:55,10.55,
12/10/21 19:00,10.59,
12/10/21 19:05,10.6,
12/10/21 19:10,10.57,
12/10/21 19:15,10.56,
12/10/21 19:20,10.57,
12/10/21 19:25,10.55,
12/10/21 19:30,10.46,
12/10/21 19:35,10.43,
12/10/21 19:40,10.4,
12/10/21 19:45,10.41,
12/10/21 19:50,10.39,
12/10/21 19:55,10.35,
12/10/21 20:00,10.37,
12/10/21 20:05,10.37,
12/10/21 20:10,10.35,
12/10/21 20:15,10.29,
12/10/21 20:20,10.25,
12/10/21 20:25,10.25,
12/10/21 20:30,10.19,
12/10/21 20:35,10.1,
12/10/21 20:40,10.1,
12/10/21 20:45,10.12,
12/10/21 20:50,10.11,
12/10/21 20:55,10.11,
12/10/21 21:00,10.12,
12/10/21 21:05,10.11,
12/10/21 21:10,10.1,
12/10/21 21:15,10.09,
12/10/21 21:20,10.04,
12/10/21 21:25,10.06,
12/10/21 21:30,10.07,
12/10/21 21:35,10.07,
12/10/21 21:40,10.07,
12/10/21 21:45,10.01,
12/10/21 21:50,9.94,
12/10/21 21:55,9.83,
12/10/21 22:00,9.81,
12/10/21 22:05,9.83,
12/10/21 22:10,9.84,
12/10/21 22:15,9.85,
12/10/21 22:20,9.88,
12/10/21 22:25,9.92,
12/10/21 22:30,9.95,
12/10/21 22:35,9.96,
12/10/21 22:40,9.94,
12/10/21 22:45,9.83,
12/10/21 22:50,9.85,
12/10/21 22:55,9.94,
12/10/21 23:00,10.01,
12/10/21 23:05,9.99,
12/10/21 23:10,10.01,
12/10/21 23:15,9.98,
12/10/21 23:20,10.01,
12/10/21 23:25,9.95,
12/10/21 23:30,9.93,
12/10/21 23:35,9.96,
12/10/21 23:40,9.95,
12/10/21 23:45,9.93,
12/10/21 23:50,9.89,
12/10/21 23:55,9.81,
12/11/21 0:00,9.76,
12/11/21 0:05,9.74,
12/11/21 0:10,9.89,
12/11/21 0:15,9.91,
12/11/21 0:20,9.84,
12/11/21 0:25,9.84,
12/11/21 0:30,9.83,
12/11/21 0:35,9.88,
12/11/21 0:40,9.93,
12/11/21 0:45,9.85,
12/11/21 0:50,9.89,
12/11/21 0:55,9.97,
12/11/21 1:00,9.95,
12/11/21 1:05,9.92,
12/11/21 1:10,9.96,
12/11/21 1:15,9.99,
12/11/21 1:20,10.1,
12/11/21 1:25,10.03,
12/11/21 1:30,9.98,
12/11/21 1:35,9.91,
12/11/21 1:40,9.81,
12/11/21 1:43,,In
12/11/21 1:44,,Out
12/11/21 1:45,10.12,
12/11/21 1:49,,In
12/11/21 1:49,,Out
12/11/21 1:50,10.2,
12/11/21 1:55,10.19,
12/11/21 1:56,,In
12/11/21 1:57,,Out
12/11/21 1:57,,In
12/11/21 1:58,,Out
12/11/21 2:00,10.53,
12/11/21 2:03,,In
12/11/21 2:03,,Out
12/11/21 2:04,,In
12/11/21 2:05,10.63,
12/11/21 2:05,,Out
12/11/21 2:06,,In
12/11/21 2:07,,Out
12/11/21 2:09,,In
12/11/21 2:09,,Out
12/11/21 2:10,10.99,
12/11/21 2:11,,In
12/11/21 2:12,,Out
12/11/21 2:12,,In
12/11/21 2:13,,Out
12/11/21 2:14,,In
12/11/21 2:15,11.43,
12/11/21 2:15,,Out
12/11/21 2:15,,In
12/11/21 2:16,,Out
12/11/21 2:17,,In
12/11/21 2:18,,Out
12/11/21 2:19,,In
12/11/21 2:20,11.39,
12/11/21 2:20,,Out
12/11/21 2:20,,In
12/11/21 2:21,,Out
12/11/21 2:21,,In
12/11/21 2:22,,Out
12/11/21 2:22,,In
12/11/21 2:24,,Out
12/11/21 2:25,11.58,
12/11/21 2:25,,In
12/11/21 2:28,,Out
12/11/21 2:29,,In
12/11/21 2:30,11.57,
12/11/21 2:30,,Out
12/11/21 2:30,,In
12/11/21 2:31,,Out
12/11/21 2:31,,In
12/11/21 2:35,11.73,
12/11/21 2:35,,Out
12/11/21 2:36,,In
12/11/21 2:38,,Out
12/11/21 2:40,11.6,
12/11/21 2:40,,In
12/11/21 2:42,,Out
12/11/21 2:42,,Out
12/11/21 2:42,,In
12/11/21 2:45,11.9,Out
12/11/21 2:45,,In
12/11/21 2:49,,Out
12/11/21 2:49,,In
12/11/21 2:50,11.88,
12/11/21 2:50,,Out
12/11/21 2:51,,In
12/11/21 2:52,,Out
12/11/21 2:53,,In
12/11/21 2:53,,Out
12/11/21 2:53,,In
12/11/21 2:55,11.9,
12/11/21 2:58,,Out
12/11/21 2:59,,In
12/11/21 3:00,12.31,
12/11/21 3:05,12.65,
12/11/21 3:10,12.53,
12/11/21 3:15,12.7,
12/11/21 3:20,12.85,
12/11/21 3:25,13.01,
12/11/21 3:30,12.93,
12/11/21 3:35,13.25,
12/11/21 3:40,13.41,
12/11/21 3:45,13.18,
12/11/21 3:50,13.3,
12/11/21 3:55,13.3,
12/11/21 4:00,13,
12/11/21 4:05,12.85,
12/11/21 4:10,12.87,
12/11/21 4:15,13.02,
12/11/21 4:20,12.77,
12/11/21 4:25,12.55,
12/11/21 4:30,12.75,
12/11/21 4:35,12.73,
12/11/21 4:40,12.85,
12/11/21 4:45,12.88,
12/11/21 4:50,12.64,
12/11/21 4:55,12.49,
12/11/21 5:00,12.52,
12/11/21 5:05,12.5,
12/11/21 5:07,,Out
12/11/21 5:08,,In
12/11/21 5:10,12.12,
12/11/21 5:15,11.75,
12/11/21 5:20,11.93,
12/11/21 5:25,11.89,
12/11/21 5:29,,Out
12/11/21 5:30,11.64,
12/11/21 5:30,,In
12/11/21 5:32,,Out
12/11/21 5:32,,In
12/11/21 5:35,11.44,
12/11/21 5:36,,Out
12/11/21 5:37,,In
12/11/21 5:40,11.54,
12/11/21 5:43,,Out
12/11/21 5:44,,In
12/11/21 5:45,10.93,
12/11/21 5:45,,Out
12/11/21 5:46,,In
12/11/21 5:50,10.74,
12/11/21 5:52,,Out
12/11/21 5:52,,In
12/11/21 5:55,10.44,
12/11/21 5:56,,Out
12/11/21 5:56,,In
12/11/21 5:59,,Out
12/11/21 5:59,,In
12/11/21 6:00,9.93,
12/11/21 6:02,,Out
12/11/21 6:04,,In
12/11/21 6:05,9.42,
12/11/21 6:07,,Out
12/11/21 6:08,,In
12/11/21 6:10,9.55,
12/11/21 6:11,,Out
12/11/21 6:13,,In
12/11/21 6:14,,Out
12/11/21 6:14,,In
12/11/21 6:15,9.17,
12/11/21 6:18,,Out
12/11/21 6:19,,In
12/11/21 6:20,8.74,